Z_m,N1_60,Fp75mm_pct,dw_m,svo_kPa,s0vo_kPa,at_g,tav_over_s0vo,Vs_mps,f0_deg,Mv,amax_g,Liquefaction,GRNN
3.9,15.0,5.0,1.68,70.0,47.8,0.12,0.35,185.0,31.49,7.4,0.4,Yes,Yes
8.4,31.0,7.0,0.37,148.0,67.7,0.04,0.49,150.0,38.0,7.4,0.4,No,No
9.2,7.0,94.0,1.65,174.1,98.6,0.04,0.39,160.0,29.17,7.4,0.4,Yes,Yes
13.2,18.0,21.0,0.6,250.5,126.9,0.06,0.19,227.0,33.86,7.6,0.18,No,No
5.8,9.0,57.0,0.8,98.2,49.1,0.05,0.23,145.0,28.49,7.6,0.18,Yes,Yes
13.2,42.0,42.0,1.9,269.7,158.9,0.15,0.35,363.0,42.18,7.6,0.38,No,No
4.2,9.0,54.0,0.75,82.5,48.7,0.05,0.73,130.0,28.49,7.6,0.67,Yes,Yes
7.4,20.0,1.0,1.5,138.1,79.1,0.06,0.4,180.0,35.49,7.4,0.4,No,No
8.0,7.0,99.0,0.54,148.4,73.8,0.03,0.45,134.0,28.48,7.4,0.4,Yes,No
3.2,5.0,70.0,1.78,52.9,39.0,0.1,0.16,158.0,26.0,7.6,0.18,Yes,Yes
17.2,30.0,20.0,0.99,339.1,180.0,0.1,0.33,315.0,39.29,7.6,0.38,No,No
11.8,26.0,51.0,1.4,236.6,134.6,0.04,0.67,182.0,36.97,7.6,0.67,No,No
11.2,13.0,40.0,0.5,226.6,121.7,0.08,0.72,239.0,31.49,7.6,0.67,Yes,Yes
5.6,26.0,36.0,1.57,112.9,73.4,0.05,0.65,145.0,35.1,7.6,0.67,No,No
11.0,33.0,10.0,0.82,211.1,109.3,0.35,0.41,500.0,46.35,7.4,0.4,No,No
2.9,7.0,59.0,0.5,52.9,28.9,0.02,0.45,67.0,27.75,7.4,0.4,Yes,Yes
4.2,5.0,99.0,1.78,72.0,48.2,0.08,0.17,158.0,26.0,7.6,0.18,Yes,Yes
2.2,9.0,15.0,2.0,39.1,37.1,0.13,0.12,150.0,28.49,7.6,0.18,Yes,Yes
11.8,23.0,18.0,2.0,228.5,132.3,0.05,0.18,200.0,35.87,7.6,0.18,No,No
14.2,36.0,19.0,0.7,320.6,188.2,0.06,0.34,242.0,41.35,7.6,0.38,No,No
2.8,9.0,31.0,1.57,55.2,43.1,0.07,0.55,122.0,28.49,7.6,0.67,Yes,Yes
1.0,6.0,90.0,0.77,16.3,14.0,0.14,0.29,105.0,28.48,7.4,0.4,No,No
1.8,8.0,94.0,0.77,30.9,20.6,0.08,0.37,105.0,29.17,7.4,0.4,No,No
2.6,7.0,100.0,0.77,45.6,27.3,0.04,0.41,85.0,26.96,7.4,0.4,No,No
3.4,5.0,87.0,0.77,60.3,34.0,0.03,0.43,85.0,29.68,7.4,0.4,No,No
4.2,5.0,74.0,0.77,75.8,41.5,0.02,0.44,85.0,26.93,7.4,0.4,Yes,Yes
5.0,3.0,92.0,0.77,90.1,47.8,0.02,0.45,85.0,28.39,7.4,0.4,No,No
6.0,3.0,97.0,0.77,108.2,55.9,0.15,0.45,250.0,26.0,7.4,0.4,No,No
7.0,19.0,70.0,0.77,127.9,65.6,0.13,0.45,250.0,33.42,7.4,0.4,Yes,Yes
8.0,26.0,58.0,0.77,147.5,75.2,0.11,0.44,250.0,35.1,7.4,0.4,No,No
9.0,48.0,5.0,0.77,167.3,85.0,0.1,0.44,250.0,42.72,7.4,0.4,No,No
1.0,3.0,74.0,0.78,18.0,15.8,0.14,0.29,105.0,26.0,7.4,0.4,Yes,Yes
1.8,5.0,86.0,0.78,32.8,22.6,0.08,0.36,105.0,26.93,7.4,0.4,Yes,Yes
3.4,2.0,85.0,0.78,62.4,36.2,0.03,0.42,85.0,29.14,7.4,0.4,No,No
4.2,10.0,93.0,0.78,77.4,43.2,0.02,0.43,85.0,29.17,7.4,0.4,Yes,Yes
6.0,4.0,99.0,0.78,109.5,57.3,0.15,0.45,250.0,29.97,7.4,0.4,No,No
7.0,11.0,85.0,0.78,128.3,66.1,0.13,0.44,250.0,30.95,7.4,0.4,Yes,Yes
8.5,39.0,8.0,0.78,156.2,79.0,0.11,0.44,250.0,40.78,7.4,0.4,No,No
10.0,25.0,6.0,0.78,186.6,94.4,0.09,0.43,250.0,37.32,7.4,0.4,No,No
1.8,7.0,99.0,0.71,30.3,19.4,0.09,0.39,111.0,27.34,7.4,0.4,No,No
2.8,4.0,99.0,0.71,48.8,27.9,0.07,0.43,121.0,27.34,7.4,0.4,No,No
3.7,6.0,79.0,0.71,66.0,36.1,0.05,0.44,118.0,27.75,7.4,0.4,Yes,Yes
5.6,5.0,96.0,0.71,99.9,51.0,0.03,0.46,105.0,26.93,7.4,0.4,Yes,Yes
6.5,17.0,88.0,0.71,117.0,59.1,0.07,0.46,173.0,32.96,7.4,0.4,Yes,Yes
8.5,49.0,9.0,0.71,157.1,79.2,0.05,0.44,173.0,42.45,7.4,0.4,No,No
4.1,7.0,97.0,0.82,74.1,41.3,0.02,0.43,85.0,28.49,7.4,0.4,Yes,Yes
5.0,3.0,98.0,0.82,90.5,48.7,0.17,0.44,250.0,29.97,7.4,0.4,No,No
6.6,18.0,92.0,0.82,120.0,62.2,0.13,0.45,250.0,32.99,7.4,0.4,No,No
8.0,32.0,66.0,0.82,147.9,76.1,0.11,0.44,250.0,38.65,7.4,0.4,No,No
9.5,75.0,8.0,0.82,179.3,92.5,0.1,0.43,250.0,44.8,7.4,0.4,No,No
12.5,33.0,7.0,0.82,243.2,126.4,0.31,0.4,500.0,40.49,7.4,0.4,No,No
15.0,10.0,100.0,0.82,289.7,147.9,0.27,0.39,500.0,25.37,7.4,0.4,No,No
1.6,3.0,96.0,3.1,25.3,25.1,0.11,0.25,115.0,24.9,7.4,0.4,No,No
2.6,3.0,82.0,3.1,43.0,42.7,0.07,0.25,115.0,26.0,7.4,0.4,No,No
3.5,10.0,21.0,3.1,58.6,54.6,0.13,0.26,185.0,29.8,7.4,0.4,Yes,Yes
4.2,12.0,14.0,3.1,72.3,61.3,0.11,0.28,185.0,30.39,7.4,0.4,Yes,Yes
5.0,31.0,29.0,3.1,89.3,70.3,0.09,0.3,185.0,37.66,7.4,0.4,No,No
6.2,33.0,5.0,3.1,116.4,85.4,0.08,0.32,185.0,38.65,7.4,0.4,No,No
8.0,31.0,5.0,3.1,155.2,106.2,0.29,0.33,400.0,39.59,7.4,0.4,No,No
10.5,8.0,100.0,3.1,202.3,128.3,0.23,0.34,400.0,26.11,7.4,0.4,No,No
12.4,12.0,100.0,3.1,238.1,145.1,0.2,0.34,400.0,26.11,7.4,0.4,No,No
13.7,9.0,36.0,3.1,263.3,157.3,0.19,0.34,400.0,30.95,7.4,0.4,Yes,Yes
16.0,9.0,100.0,3.1,306.1,177.1,0.17,0.34,400.0,27.15,7.4,0.4,No,No
1.4,4.0,87.0,1.68,21.5,21.5,0.12,0.25,115.0,31.3,7.4,0.4,No,No
3.0,2.0,91.0,1.68,50.8,37.6,0.15,0.33,185.0,24.9,7.4,0.4,Yes,Yes
4.7,25.0,5.0,1.68,86.4,56.2,0.1,0.37,185.0,35.09,7.4,0.4,No,No
7.0,31.0,3.0,1.68,138.2,85.0,0.33,0.37,400.0,43.97,7.4,0.4,No,No
8.0,35.0,4.0,1.68,159.8,96.6,0.29,0.37,400.0,44.29,7.4,0.4,No,No
1.8,3.0,99.0,1.5,28.7,25.7,0.05,0.28,85.0,24.9,7.4,0.4,No,No
2.6,4.0,99.0,1.5,43.2,32.2,0.04,0.33,85.0,25.8,7.4,0.4,No,No
4.2,11.0,98.0,1.5,72.9,45.9,0.02,0.38,85.0,29.8,7.4,0.4,Yes,Yes
5.0,18.0,67.0,1.5,88.4,53.4,0.09,0.39,180.0,32.96,7.4,0.4,Yes,Yes
6.0,48.0,53.0,1.5,107.8,62.8,0.08,0.4,180.0,42.45,7.4,0.4,No,No
9.6,13.0,89.0,1.5,180.3,99.3,0.05,0.4,180.0,31.48,7.4,0.4,Yes,Yes
1.7,3.0,97.0,1.34,28.9,25.3,0.16,0.28,145.0,24.9,7.4,0.4,Yes,Yes
3.3,9.0,99.0,1.34,58.0,38.4,0.08,0.37,141.0,25.37,7.4,0.4,No,No
4.9,10.0,87.0,1.34,88.2,52.6,0.02,0.4,85.0,29.17,7.4,0.4,No,No
5.7,47.0,71.0,1.34,104.0,60.4,0.08,0.4,180.0,40.2,7.4,0.4,No,No
6.5,16.0,92.0,1.34,119.5,67.9,0.07,0.41,180.0,31.49,7.4,0.4,Yes,Yes
7.6,7.0,99.0,1.34,139.7,77.1,0.06,0.41,180.0,28.88,7.4,0.4,No,No
9.0,9.0,99.0,1.34,165.6,89.0,0.05,0.41,180.0,29.17,7.4,0.4,Yes,Yes
3.8,10.0,28.0,1.3,68.2,43.2,0.04,0.38,100.0,29.17,7.4,0.4,Yes,Yes
4.6,4.0,88.0,1.3,82.8,49.8,0.07,0.4,155.0,26.0,7.4,0.4,Yes,Yes
5.5,24.0,97.0,1.3,99.7,57.7,0.06,0.41,155.0,30.6,7.4,0.4,No,No
6.7,12.0,83.0,1.3,122.5,68.5,0.05,0.41,155.0,31.49,7.4,0.4,Yes,Yes
7.7,6.0,98.0,1.3,140.5,76.5,0.04,0.42,155.0,27.75,7.4,0.4,No,No
9.8,23.0,75.0,1.3,182.3,97.3,0.04,0.41,155.0,35.87,7.4,0.4,Yes,Yes
1.4,4.0,99.0,0.44,23.9,14.3,0.09,0.42,100.0,29.97,7.4,0.4,No,No
2.4,2.0,99.0,0.44,41.8,22.2,0.06,0.47,100.0,29.97,7.4,0.4,No,No
3.5,3.0,99.0,0.44,61.5,30.9,0.04,0.48,100.0,29.97,7.4,0.4,No,No
4.4,7.0,51.0,0.44,78.9,39.3,0.07,0.48,155.0,27.75,7.4,0.4,Yes,Yes
3.0,1.0,96.0,0.44,51.8,26.7,0.03,0.47,85.0,29.4,7.4,0.4,No,No
5.1,5.0,100.0,0.44,90.8,44.2,0.09,0.49,180.0,31.3,7.4,0.4,No,No
6.0,55.0,99.0,0.44,107.3,51.7,0.08,0.48,180.0,41.91,7.4,0.4,No,No
7.0,44.0,4.0,0.44,129.0,63.4,0.07,0.47,180.0,40.2,7.4,0.4,No,No
1.0,3.0,94.0,0.96,15.1,14.7,0.09,0.26,85.0,24.9,7.4,0.4,Yes,No
1.8,1.0,87.0,0.96,29.9,21.5,0.05,0.35,85.0,23.46,7.4,0.4,Yes,Yes
2.5,16.0,99.0,0.96,42.3,26.9,0.04,0.39,85.0,27.34,7.4,0.4,No,No
1.0,6.0,84.0,0.96,15.1,14.7,0.09,0.26,85.0,26.93,7.4,0.4,Yes,Yes
1.9,4.0,72.0,0.96,31.1,22.2,0.05,0.35,85.0,26.0,7.4,0.4,Yes,Yes
2.6,4.0,99.0,0.96,47.3,30.9,0.04,0.38,85.0,28.39,7.4,0.4,No,No
3.3,7.0,99.0,0.96,60.3,36.9,0.03,0.4,85.0,25.65,7.4,0.4,No,No
1.1,1.0,81.0,1.69,21.6,21.6,0.2,0.25,130.0,32.99,7.4,0.4,No,No
1.9,2.0,71.0,1.69,36.1,34.0,0.15,0.26,145.0,24.9,7.4,0.4,Yes,Yes
2.7,2.0,99.0,1.69,48.0,37.9,0.1,0.31,145.0,28.88,7.4,0.4,No,No
3.4,9.0,89.0,1.69,61.0,43.9,0.08,0.34,145.0,34.16,7.4,0.4,Yes,Yes
4.4,30.0,4.0,1.69,82.5,55.4,0.07,0.36,145.0,41.61,7.4,0.4,No,No
5.5,30.0,3.0,1.69,107.3,69.2,0.05,0.36,145.0,41.97,7.4,0.4,No,No
7.5,36.0,5.0,1.69,147.2,89.1,0.04,0.38,145.0,44.6,7.4,0.4,No,No
10.0,8.0,94.0,1.69,194.3,111.2,0.04,0.38,170.0,29.17,7.4,0.4,No,No
2.6,3.0,99.0,1.9,42.6,35.6,0.33,0.29,256.0,26.0,7.4,0.4,No,No
3.3,3.0,95.0,1.9,55.6,41.6,0.27,0.33,256.0,26.0,7.4,0.4,No,No
4.1,25.0,71.0,1.9,70.0,48.0,0.31,0.35,306.0,34.7,7.4,0.4,No,No
5.2,30.0,4.0,1.9,95.0,62.0,0.17,0.36,251.0,41.97,7.4,0.4,No,No
7.0,31.0,5.0,1.9,136.1,85.1,0.13,0.37,251.0,43.97,7.4,0.4,No,No
3.2,5.0,52.0,2.28,52.1,42.9,0.09,0.3,145.0,26.93,7.4,0.4,Yes,Yes
3.8,11.0,55.0,2.28,63.8,48.6,0.07,0.32,145.0,30.95,7.4,0.4,Yes,Yes
4.6,22.0,4.0,2.28,80.6,57.4,0.06,0.33,145.0,40.1,7.4,0.4,Yes,Yes
1.6,10.0,2.0,0.5,28.5,17.5,0.03,0.41,59.0,28.48,7.4,0.4,Yes,Yes
3.8,4.0,99.0,0.5,68.5,35.5,0.02,0.47,67.0,26.0,7.4,0.4,No,No
5.4,11.0,47.0,0.5,98.4,49.4,0.04,0.47,119.0,30.39,7.4,0.4,Yes,Yes
6.4,38.0,61.0,0.5,118.4,59.4,0.03,0.46,119.0,39.59,7.4,0.4,No,No
8.8,13.0,3.0,0.5,167.1,84.1,0.15,0.44,299.0,32.0,7.4,0.4,Yes,Yes
2.2,9.0,5.0,0.44,41.2,23.6,0.02,0.43,59.0,28.49,7.4,0.4,Yes,Yes
1.6,18.0,5.0,0.35,28.9,16.4,0.04,0.44,72.0,32.0,7.4,0.4,Yes,Yes
2.4,4.0,2.0,0.35,46.4,25.9,0.02,0.44,59.0,26.0,7.4,0.4,Yes,Yes
3.2,9.0,59.0,0.35,61.3,32.8,0.02,0.46,67.0,28.49,7.4,0.4,Yes,Yes
4.0,4.0,99.0,0.35,75.1,38.6,0.02,0.47,67.0,27.14,7.4,0.4,No,No
5.4,24.0,98.0,0.35,101.0,50.5,0.01,0.47,60.0,29.97,7.4,0.4,No,No
1.0,9.0,99.0,0.74,15.8,13.2,0.14,0.3,105.0,24.96,7.4,0.4,No,No
2.9,4.0,64.0,0.74,55.3,33.7,0.03,0.4,85.0,26.0,7.4,0.4,Yes,Yes
4.0,5.0,89.0,0.74,75.6,43.0,0.02,0.42,85.0,26.93,7.4,0.4,No,No
4.8,12.0,94.0,0.74,90.0,49.4,0.02,0.43,85.0,27.34,7.4,0.4,No,No
6.1,12.0,96.0,0.74,114.0,60.4,0.14,0.44,250.0,30.95,7.4,0.4,Yes,Yes
7.0,31.0,8.0,0.74,132.1,69.5,0.13,0.44,250.0,38.33,7.4,0.4,No,No
7.9,44.0,9.0,0.74,150.4,78.8,0.11,0.43,250.0,42.18,7.4,0.4,No,No
8.8,44.0,5.0,0.74,169.1,88.5,0.1,0.42,250.0,43.0,7.4,0.4,No,No
1.1,4.0,99.0,0.8,17.9,14.9,0.06,0.3,72.0,29.68,7.4,0.4,No,No
3.0,6.0,85.0,0.8,53.2,31.2,0.02,0.42,67.0,27.75,7.4,0.4,Yes,Yes
3.8,4.0,95.0,0.8,68.0,38.0,0.02,0.43,67.0,26.0,7.4,0.4,No,No
4.6,4.0,98.0,0.8,82.6,44.6,0.01,0.44,59.0,30.28,7.4,0.4,No,No
5.5,24.0,89.0,0.8,99.5,52.5,0.01,0.45,59.0,35.49,7.4,0.4,Yes,Yes
6.5,38.0,8.0,0.8,119.6,62.6,0.03,0.44,117.0,38.97,7.4,0.4,No,No
8.0,18.0,25.0,0.8,148.1,76.1,0.16,0.44,299.0,32.96,7.4,0.4,Yes,Yes
9.1,15.0,81.0,0.8,169.3,86.3,0.14,0.43,299.0,32.49,7.4,0.4,Yes,Yes
1.2,3.0,97.0,0.6,20.0,14.0,0.13,0.36,110.0,24.9,7.4,0.4,No,No
2.0,7.0,93.0,0.6,34.7,20.7,0.08,0.42,110.0,27.75,7.4,0.4,Yes,Yes
2.8,9.0,92.0,0.6,49.6,27.6,0.06,0.44,110.0,28.49,7.4,0.4,Yes,Yes
3.6,3.0,96.0,0.6,64.2,34.2,0.03,0.45,90.0,28.17,7.4,0.4,No,No
4.4,5.0,94.0,0.6,78.6,40.6,0.03,0.46,90.0,26.93,7.4,0.4,No,No
5.2,18.0,18.0,0.6,94.5,48.5,0.05,0.46,135.0,32.49,7.4,0.4,Yes,Yes
6.0,36.0,88.0,0.6,110.6,56.6,0.04,0.46,135.0,33.33,7.4,0.4,No,No
6.8,15.0,14.0,0.6,126.1,64.1,0.04,0.45,135.0,32.0,7.4,0.4,Yes,Yes
8.3,10.0,91.0,0.6,154.7,77.7,0.03,0.45,135.0,29.8,7.4,0.4,Yes,Yes
10.2,27.0,19.0,0.6,193.0,97.0,0.03,0.43,135.0,38.0,7.4,0.4,No,No
1.8,4.0,81.0,0.84,30.6,21.0,0.09,0.36,110.0,26.0,7.4,0.4,Yes,Yes
2.7,12.0,53.0,0.84,47.5,28.9,0.06,0.4,110.0,29.8,7.4,0.4,Yes,Yes
4.0,4.0,99.0,0.84,70.3,38.7,0.03,0.44,90.0,25.51,7.4,0.4,No,No
5.2,20.0,39.0,0.84,93.9,50.3,0.05,0.44,135.0,33.42,7.4,0.4,Yes,Yes
6.3,21.0,99.0,0.84,114.3,59.7,0.04,0.44,135.0,34.28,7.4,0.4,Yes,Yes
7.1,13.0,98.0,0.84,129.5,66.9,0.04,0.44,135.0,31.49,7.4,0.4,Yes,No
8.4,11.0,100.0,0.84,153.2,77.6,0.03,0.44,135.0,26.11,7.4,0.4,No,No
3.5,8.0,98.0,0.75,63.1,35.6,0.03,0.43,90.0,28.49,7.4,0.4,Yes,Yes
5.5,7.0,72.0,0.75,101.0,53.5,0.05,0.44,135.0,28.49,7.4,0.4,Yes,Yes
6.5,36.0,64.0,0.75,119.0,61.5,0.04,0.45,135.0,34.28,7.4,0.4,No,No
9.0,7.0,97.0,0.75,165.1,82.6,0.03,0.44,135.0,27.34,7.4,0.4,No,No
1.2,3.0,91.0,0.4,20.6,12.6,0.13,0.41,110.0,26.0,7.4,0.4,Yes,Yes
2.0,6.0,56.0,0.4,36.1,20.1,0.08,0.45,110.0,27.75,7.4,0.4,Yes,Yes
2.8,8.0,65.0,0.4,50.7,26.7,0.06,0.47,110.0,30.95,7.4,0.4,Yes,Yes
3.8,5.0,97.0,0.4,69.1,35.1,0.03,0.48,90.0,28.88,7.4,0.4,No,No
4.4,7.0,99.0,0.4,79.9,39.9,0.03,0.48,90.0,27.75,7.4,0.4,Yes,Yes
1.2,3.0,75.0,1.72,20.0,20.0,0.03,0.25,49.0,29.68,7.4,0.4,No,No
2.2,15.0,15.0,1.72,39.9,35.1,0.01,0.28,49.0,31.49,7.4,0.4,Yes,Yes
3.0,3.0,98.0,1.72,54.1,41.3,0.02,0.32,66.0,26.0,7.4,0.4,No,No
3.8,3.0,100.0,1.72,68.2,47.4,0.02,0.35,66.0,26.0,7.4,0.4,No,No
4.9,5.0,99.0,1.72,88.8,57.0,0.03,0.37,96.0,31.68,7.4,0.4,No,No
5.7,14.0,80.0,1.72,104.0,64.2,0.02,0.38,95.0,32.49,7.4,0.4,Yes,Yes
6.5,8.0,99.0,1.72,118.6,70.8,0.02,0.39,95.0,29.17,7.4,0.4,Yes,Yes
7.3,9.0,99.0,1.72,133.2,77.4,0.01,0.39,81.0,29.8,7.4,0.4,No,Yes
8.5,7.0,98.0,1.72,154.6,86.8,0.01,0.4,67.0,29.17,7.4,0.4,Yes,Yes
9.9,9.0,9.0,1.72,181.7,99.9,0.01,0.4,65.0,30.39,7.4,0.4,Yes,Yes
11.0,7.0,98.0,1.72,202.0,109.2,0.01,0.4,67.0,25.23,7.4,0.4,No,No
1.0,7.0,72.0,1.64,15.0,15.0,0.83,0.25,253.0,27.75,7.4,0.4,No,No
1.8,5.0,68.0,1.64,30.6,29.0,0.47,0.26,253.0,26.93,7.4,0.4,Yes,Yes
2.6,6.0,92.0,1.64,45.6,36.0,0.33,0.31,253.0,27.75,7.4,0.4,Yes,Yes
3.6,3.0,97.0,1.64,64.0,44.4,0.09,0.35,151.0,26.0,7.4,0.4,No,No
4.5,12.0,85.0,1.64,81.2,52.6,0.01,0.37,44.0,33.48,7.4,0.4,Yes,Yes
5.4,18.0,51.0,1.64,98.9,61.3,0.01,0.38,47.0,32.96,7.4,0.4,Yes,Yes
6.2,16.0,72.0,1.64,113.8,68.2,0.01,0.39,49.0,32.96,7.4,0.4,Yes,Yes
7.0,14.0,42.0,1.64,129.6,76.0,0.0,0.39,49.0,32.49,7.4,0.4,Yes,Yes
8.0,13.0,74.0,1.64,148.9,85.3,0.02,0.39,95.0,32.49,7.4,0.4,Yes,Yes
9.0,11.0,100.0,1.64,167.4,93.8,0.01,0.4,95.0,28.17,7.4,0.4,No,No
10.0,10.0,96.0,1.64,186.2,102.6,0.01,0.39,92.0,30.39,7.4,0.4,No,No
12.0,27.0,90.0,1.64,225.0,121.4,0.01,0.39,88.0,34.89,7.4,0.4,No,No
1.5,4.0,97.0,0.54,25.4,15.8,0.01,0.4,40.0,26.0,7.4,0.4,No,No
2.3,9.0,69.0,0.54,40.5,22.9,0.15,0.44,161.0,29.17,7.4,0.4,Yes,Yes
3.1,5.0,95.0,0.54,55.2,29.6,0.01,0.45,51.0,26.93,7.4,0.4,Yes,Yes
4.0,5.0,97.0,0.54,71.9,37.3,0.0,0.46,37.0,27.34,7.4,0.4,No,No
4.8,13.0,84.0,0.54,87.5,44.9,0.0,0.46,37.0,29.14,7.4,0.4,No,No
5.6,10.0,90.0,0.54,102.4,51.8,0.03,0.46,102.0,29.8,7.4,0.4,Yes,Yes
7.0,12.0,67.0,0.54,129.9,65.3,0.04,0.46,134.0,30.95,7.4,0.4,Yes,Yes
9.0,9.0,99.0,0.54,167.2,82.6,0.01,0.45,65.0,29.17,7.4,0.4,No,Yes
2.5,13.0,65.0,0.45,42.4,21.9,0.06,0.48,105.0,30.39,7.4,0.4,Yes,Yes
5.2,8.0,75.0,0.45,92.8,45.3,0.04,0.48,120.0,28.48,7.4,0.4,Yes,Yes
6.0,18.0,99.0,0.45,107.5,52.0,0.05,0.48,145.0,32.49,7.4,0.4,Yes,Yes
8.5,9.0,89.0,0.45,153.6,73.1,0.04,0.47,145.0,29.8,7.4,0.4,Yes,Yes
11.0,9.0,98.0,0.45,201.9,96.4,0.03,0.45,145.0,27.95,7.4,0.4,No,No
12.0,28.0,97.0,0.45,220.3,104.8,0.03,0.44,145.0,37.32,7.4,0.4,No,No
14.0,12.0,99.0,0.45,258.2,122.7,0.02,0.43,145.0,31.3,7.4,0.4,No,No
2.0,30.0,11.0,10.0,37.3,37.3,0.14,0.25,146.0,41.24,7.4,0.4,No,No
3.5,14.0,34.0,10.0,66.2,66.2,0.08,0.24,145.0,32.0,7.4,0.4,No,No
5.0,13.0,82.0,10.0,91.2,91.2,0.06,0.24,145.0,26.78,7.4,0.4,No,No
6.6,8.0,35.0,10.0,122.0,122.0,0.05,0.23,145.0,29.8,7.4,0.4,No,No
8.0,48.0,89.0,10.0,146.7,146.7,0.05,0.23,170.0,34.05,7.4,0.4,No,No
2.3,5.0,65.0,1.5,38.3,30.3,0.06,0.31,100.0,26.93,7.4,0.4,Yes,Yes
3.4,4.0,78.0,1.5,56.8,38.3,0.09,0.36,150.0,31.3,7.4,0.4,No,No
4.1,9.0,33.0,1.5,71.2,45.2,0.07,0.38,150.0,28.49,7.4,0.4,Yes,Yes
5.0,6.0,99.0,1.5,84.6,50.1,0.06,0.4,150.0,26.96,7.4,0.4,No,No
5.8,10.0,98.0,1.5,99.6,56.6,0.05,0.41,150.0,29.8,7.4,0.4,Yes,Yes
6.8,43.0,17.0,1.5,117.9,65.4,0.05,0.41,150.0,40.19,7.4,0.4,No,No
7.9,40.0,11.0,1.5,138.8,74.8,0.04,0.42,150.0,39.9,7.4,0.4,No,No
9.0,50.0,4.0,1.5,157.0,82.5,0.04,0.42,150.0,42.71,7.4,0.4,No,No
0.9,7.0,97.0,0.95,13.7,13.7,0.16,0.25,105.0,28.4,7.4,0.4,No,No
1.7,6.0,89.0,0.95,27.8,20.3,0.08,0.34,105.0,26.93,7.4,0.4,Yes,Yes
2.6,6.0,89.0,0.95,43.7,27.2,0.04,0.4,85.0,26.93,7.4,0.4,Yes,Yes
3.7,4.0,100.0,0.95,61.0,33.5,0.03,0.44,85.0,28.4,7.4,0.4,No,No
4.8,4.0,97.0,0.95,79.5,41.5,0.02,0.46,85.0,26.0,7.4,0.4,Yes,Yes
5.8,5.0,99.0,0.95,97.2,49.2,0.02,0.46,85.0,26.93,7.4,0.4,No,No
6.7,17.0,54.0,0.95,113.9,56.4,0.13,0.46,250.0,32.96,7.4,0.4,Yes,Yes
8.0,6.0,100.0,0.95,134.4,63.9,0.11,0.47,250.0,27.34,7.4,0.4,No,No
9.1,9.0,99.0,0.95,151.6,70.1,0.1,0.48,250.0,26.44,7.4,0.4,No,No
5.0,1.0,86.0,0.9,85.2,44.7,0.04,0.45,120.0,27.54,7.4,0.4,No,No
7.0,1.0,96.0,0.9,117.4,56.4,0.03,0.48,120.0,27.54,7.4,0.4,No,No
4.4,4.0,97.0,1.1,82.7,49.7,0.03,0.4,95.0,30.94,7.4,0.4,No,No
6.3,5.0,98.0,1.1,116.3,64.3,0.02,0.42,95.0,31.3,7.4,0.4,No,No
7.4,4.0,98.0,1.1,134.8,72.3,0.02,0.42,95.0,31.3,7.4,0.4,No,No
10.5,10.0,78.0,1.1,190.5,96.5,0.03,0.43,135.0,26.61,7.4,0.4,No,No
3.8,1.0,93.0,1.2,65.7,39.7,0.02,0.4,70.0,31.68,7.4,0.4,No,No
7.5,13.0,100.0,1.2,131.0,68.0,0.01,0.44,70.0,30.94,7.4,0.4,No,No
1.0,8.0,98.0,1.11,15.0,15.0,0.17,0.25,115.0,26.27,7.4,0.4,No,No
2.2,9.0,98.0,1.11,38.1,27.2,0.08,0.35,115.0,26.96,7.4,0.4,No,No
3.5,9.0,71.0,1.11,62.9,39.0,0.05,0.39,115.0,29.17,7.4,0.4,Yes,Yes
4.5,8.0,97.0,1.11,81.1,47.2,0.04,0.41,115.0,24.58,7.4,0.4,No,No
5.5,17.0,99.0,1.11,100.4,56.5,0.05,0.42,140.0,24.7,7.4,0.4,No,No
7.0,9.0,100.0,1.11,128.8,69.9,0.04,0.42,140.0,25.65,7.4,0.4,No,No
8.0,3.0,99.0,1.11,147.5,78.6,0.04,0.42,140.0,29.14,7.4,0.4,No,No
9.0,5.0,95.0,1.11,166.5,87.6,0.04,0.42,160.0,27.75,7.4,0.4,Yes,Yes
1.2,12.0,99.0,2.4,18.2,18.2,0.14,0.25,115.0,26.27,7.4,0.4,No,No
2.2,4.0,77.0,2.4,35.9,35.9,0.08,0.25,115.0,26.93,7.4,0.4,No,No
3.0,7.0,94.0,2.4,51.2,45.2,0.06,0.28,115.0,28.63,7.4,0.4,No,No
3.8,7.0,68.0,2.4,66.2,52.2,0.05,0.31,115.0,27.75,7.4,0.4,Yes,Yes
5.0,5.0,94.0,2.4,88.7,62.7,0.05,0.33,140.0,30.28,7.4,0.4,No,No
5.8,10.0,99.0,2.4,103.6,69.6,0.05,0.35,140.0,29.8,7.4,0.4,Yes,Yes
6.6,7.0,20.0,2.4,119.3,77.3,0.04,0.36,140.0,28.49,7.4,0.4,Yes,Yes
7.6,7.0,80.0,2.4,141.6,89.6,0.04,0.36,140.0,28.49,7.4,0.4,Yes,Yes
8.5,9.0,78.0,2.4,159.0,98.0,0.03,0.36,140.0,29.8,7.4,0.4,Yes,Yes
9.5,4.0,78.0,2.4,178.1,107.1,0.04,0.37,160.0,26.93,7.4,0.4,Yes,Yes
1.9,14.0,82.0,0.37,22.8,7.5,0.07,0.76,100.0,29.17,7.4,0.4,Yes,Yes
2.8,5.0,98.0,0.37,38.9,14.6,0.05,0.65,100.0,28.88,7.4,0.4,No,No
3.8,6.0,82.0,0.37,57.7,23.4,0.08,0.6,150.0,26.93,7.4,0.4,Yes,Yes
5.0,21.0,65.0,0.37,80.6,34.3,0.06,0.56,150.0,33.42,7.4,0.4,Yes,Yes
6.2,15.0,81.0,0.37,103.8,45.5,0.05,0.53,150.0,29.97,7.4,0.4,Yes,Yes
7.2,21.0,13.0,0.37,123.3,55.0,0.04,0.51,150.0,34.28,7.4,0.4,Yes,Yes
9.2,7.0,99.0,0.37,162.2,73.9,0.04,0.48,160.0,25.51,7.4,0.4,No,No
2.8,6.0,65.0,2.6,26.8,24.9,0.06,0.25,100.0,26.93,7.4,0.4,Yes,Yes
3.3,4.0,78.0,2.6,47.9,40.9,0.09,0.28,150.0,31.3,7.4,0.4,No,No
4.0,8.0,33.0,2.6,61.4,47.4,0.08,0.31,150.0,28.49,7.4,0.4,Yes,Yes
4.9,6.0,99.0,2.6,77.6,54.6,0.06,0.34,150.0,26.96,7.4,0.4,No,No
5.7,10.0,98.0,2.6,92.2,61.2,0.06,0.35,150.0,29.8,7.4,0.4,Yes,Yes
6.7,42.0,17.0,2.6,112.7,71.7,0.05,0.36,150.0,40.2,7.4,0.4,No,No
7.7,39.0,11.0,2.6,133.0,82.0,0.04,0.37,150.0,39.9,7.4,0.4,No,No
8.9,47.0,4.0,2.6,160.1,97.1,0.04,0.37,150.0,42.72,7.4,0.4,No,No
1.4,2.0,51.0,0.74,23.4,16.8,0.16,0.35,130.0,23.46,7.4,0.4,Yes,Yes
2.5,6.0,83.0,0.74,43.9,26.3,0.09,0.41,130.0,26.93,7.4,0.4,Yes,Yes
3.3,6.0,83.0,0.74,59.0,33.4,0.12,0.43,170.0,26.93,7.4,0.4,Yes,Yes
4.2,5.0,94.0,0.74,75.4,40.8,0.09,0.44,170.0,26.93,7.4,0.4,Yes,Yes
5.0,6.0,92.0,0.74,91.5,48.9,0.08,0.44,170.0,27.95,7.4,0.4,No,No
5.7,14.0,9.0,0.74,105.5,55.9,0.07,0.44,170.0,32.0,7.4,0.4,Yes,Yes
6.5,45.0,5.0,0.74,122.1,64.5,0.06,0.44,170.0,41.63,7.4,0.4,No,No
7.5,39.0,8.0,0.74,142.7,75.1,0.06,0.43,170.0,40.78,7.4,0.4,No,No
8.5,7.0,98.0,0.74,161.1,83.5,0.06,0.43,190.0,29.14,7.4,0.4,No,No
1.4,3.0,51.0,0.62,23.9,16.1,0.16,0.37,130.0,24.9,7.4,0.4,Yes,Yes
2.3,7.0,9.0,0.62,41.9,25.1,0.1,0.41,135.0,32.74,7.4,0.4,Yes,Yes
3.2,6.0,98.0,0.62,58.7,32.9,0.08,0.43,135.0,32.99,7.4,0.4,No,No
4.0,4.0,100.0,0.62,73.4,39.6,0.06,0.45,135.0,26.0,7.4,0.4,Yes,Yes
5.0,6.0,100.0,0.62,93.0,49.2,0.05,0.45,135.0,27.75,7.4,0.4,Yes,Yes
6.0,10.0,98.0,0.62,111.4,57.6,0.04,0.45,135.0,31.3,7.4,0.4,No,No
6.8,13.0,97.0,0.62,126.1,64.3,0.04,0.45,135.0,32.09,7.4,0.4,No,No
8.0,9.0,9.0,0.62,150.2,76.4,0.03,0.44,135.0,34.8,7.4,0.4,Yes,Yes
9.2,4.0,97.0,0.62,172.9,87.1,0.03,0.44,135.0,29.68,7.4,0.4,No,No
1.0,7.0,97.0,0.92,17.6,16.8,0.13,0.26,100.0,26.44,7.4,0.4,No,No
2.0,3.0,87.0,0.92,36.6,25.8,0.07,0.35,100.0,24.9,7.4,0.4,Yes,Yes
3.0,7.0,90.0,0.92,55.0,34.2,0.1,0.39,150.0,27.75,7.4,0.4,Yes,Yes
4.0,7.0,96.0,0.92,73.3,42.5,0.08,0.42,150.0,27.75,7.4,0.4,Yes,Yes
5.0,4.0,100.0,0.92,91.3,50.5,0.06,0.43,150.0,25.8,7.4,0.4,No,No
5.8,7.0,88.0,0.92,106.4,57.6,0.05,0.43,150.0,33.5,7.4,0.4,Yes,Yes
6.7,5.0,98.0,0.92,122.9,65.1,0.05,0.43,150.0,28.4,7.4,0.4,Yes,Yes
8.0,7.0,100.0,0.92,146.6,75.8,0.04,0.44,150.0,26.11,7.4,0.4,No,No
9.2,32.0,20.0,0.92,170.8,88.0,0.04,0.43,160.0,39.29,7.4,0.4,No,No
10.0,45.0,11.0,0.92,187.1,96.3,0.04,0.42,160.0,43.24,7.4,0.4,No,No
1.0,5.0,95.0,0.77,18.1,8.1,0.13,0.56,100.0,26.78,7.4,0.4,No,No
1.8,5.0,99.0,0.77,32.5,14.5,0.07,0.56,100.0,25.51,7.4,0.4,No,No
2.9,5.0,91.0,0.77,53.0,24.0,0.05,0.54,100.0,32.09,7.4,0.4,Yes,Yes
4.0,3.0,78.0,0.77,73.7,33.7,0.08,0.53,150.0,24.9,7.4,0.4,Yes,Yes
5.0,16.0,92.0,0.77,92.9,42.9,0.06,0.51,150.0,32.0,7.4,0.4,Yes,Yes
6.1,16.0,80.0,0.77,114.6,53.6,0.05,0.5,150.0,32.49,7.4,0.4,Yes,Yes
7.5,38.0,41.0,0.77,142.6,67.6,0.04,0.48,150.0,40.2,7.4,0.4,No,No
8.5,40.0,20.0,0.77,162.8,77.8,0.04,0.47,150.0,41.07,7.4,0.4,No,No
9.4,34.0,24.0,0.77,180.9,86.9,0.04,0.46,160.0,39.9,7.4,0.4,No,No
1.3,5.0,84.0,0.5,20.5,12.5,0.1,0.41,100.0,26.0,7.4,0.4,Yes,Yes
2.1,11.0,91.0,0.5,35.7,19.7,0.06,0.45,100.0,29.17,7.4,0.4,Yes,Yes
3.0,6.0,97.0,0.5,51.5,26.5,0.1,0.47,150.0,26.93,7.4,0.4,Yes,Yes
4.0,7.0,83.0,0.5,69.7,34.7,0.08,0.48,150.0,27.75,7.4,0.4,Yes,Yes
5.0,15.0,54.0,0.5,89.3,44.3,0.06,0.48,150.0,32.0,7.4,0.4,Yes,Yes
6.0,16.0,99.0,0.5,108.1,53.1,0.05,0.47,150.0,32.49,7.4,0.4,Yes,Yes
7.0,13.0,95.0,0.5,126.4,61.4,0.05,0.47,150.0,31.49,7.4,0.4,Yes,Yes
8.0,6.0,99.0,0.5,144.7,69.7,0.04,0.47,150.0,28.63,7.4,0.4,No,No
9.0,8.0,100.0,0.5,162.9,77.9,0.04,0.46,160.0,29.17,7.4,0.4,Yes,Yes
1.0,3.0,89.0,1.16,15.5,15.5,0.13,0.25,100.0,30.6,7.4,0.4,No,No
2.0,7.0,57.0,1.16,34.7,26.3,0.07,0.33,100.0,27.75,7.4,0.4,Yes,Yes
3.0,4.0,99.0,1.16,52.5,34.1,0.1,0.38,150.0,26.11,7.4,0.4,No,No
3.9,4.0,92.0,1.16,69.6,42.2,0.08,0.4,150.0,26.0,7.4,0.4,Yes,Yes
5.0,15.0,35.0,1.16,91.4,53.0,0.06,0.41,150.0,32.0,7.4,0.4,Yes,Yes
6.0,10.0,82.0,1.16,110.6,62.2,0.05,0.41,150.0,30.39,7.4,0.4,Yes,Yes
7.0,11.0,93.0,1.16,128.5,70.1,0.05,0.42,150.0,30.95,7.4,0.4,Yes,Yes
8.0,13.0,58.0,1.16,147.7,79.3,0.04,0.42,150.0,32.0,7.4,0.4,Yes,Yes
9.0,8.0,99.0,1.16,166.9,88.5,0.04,0.42,160.0,28.4,7.4,0.4,Yes,Yes
1.0,7.0,87.0,0.64,16.1,12.5,0.13,0.32,100.0,30.94,7.4,0.4,No,No
2.0,12.0,43.0,0.64,34.7,21.1,0.07,0.41,100.0,29.8,7.4,0.4,Yes,Yes
3.0,3.0,57.0,0.64,53.9,30.3,0.1,0.43,150.0,24.9,7.4,0.4,Yes,Yes
4.0,5.0,95.0,0.64,72.3,38.7,0.08,0.45,150.0,27.54,7.4,0.4,No,No
5.0,11.0,91.0,0.64,91.6,48.0,0.06,0.45,150.0,30.39,7.4,0.4,Yes,Yes
6.0,12.0,58.0,0.64,111.2,57.6,0.05,0.45,150.0,30.95,7.4,0.4,Yes,Yes
7.0,10.0,93.0,0.64,130.2,66.6,0.05,0.45,150.0,30.39,7.4,0.4,Yes,Yes
8.0,9.0,89.0,0.64,147.7,74.1,0.04,0.45,150.0,29.8,7.4,0.4,Yes,Yes
8.8,7.0,100.0,0.64,162.2,80.6,0.04,0.45,150.0,29.17,7.4,0.4,Yes,Yes
9.8,34.0,7.0,0.64,183.3,91.7,0.04,0.44,160.0,39.9,7.4,0.4,No,No
1.1,11.0,89.0,1.65,17.7,17.7,0.12,0.25,100.0,26.96,7.4,0.4,No,No
3.5,5.0,65.0,1.65,65.5,47.0,0.09,0.34,150.0,26.93,7.4,0.4,Yes,Yes
4.7,6.0,97.0,1.65,86.2,55.7,0.07,0.37,150.0,26.96,7.4,0.4,No,No
5.8,31.0,34.0,1.65,108.2,66.7,0.05,0.38,150.0,38.0,7.4,0.4,No,No
7.0,9.0,84.0,1.65,132.5,79.0,0.05,0.38,150.0,29.8,7.4,0.4,Yes,Yes
8.3,10.0,96.0,1.65,157.5,91.0,0.04,0.39,150.0,30.95,7.4,0.4,Yes,Yes
10.0,29.0,32.0,1.65,190.3,106.8,0.04,0.39,160.0,38.97,7.4,0.4,No,No
2.8,8.0,18.0,0.6,55.2,33.6,0.11,0.19,157.0,27.75,7.6,0.18,Yes,Yes
4.4,8.0,98.0,0.6,88.3,51.0,0.07,0.2,157.0,31.88,7.6,0.18,No,No
5.8,2.0,60.0,0.6,113.6,62.6,0.06,0.21,157.0,34.28,7.6,0.18,No,No
7.2,10.0,98.0,0.6,140.5,75.7,0.05,0.21,157.0,29.94,7.6,0.18,No,No
8.8,5.0,98.0,0.6,168.6,88.2,0.04,0.21,157.0,32.13,7.6,0.18,No,No
10.2,5.0,99.0,0.6,186.9,96.7,0.04,0.21,157.0,30.54,7.6,0.18,No,No
11.8,4.0,90.0,0.6,222.7,112.9,0.03,0.2,157.0,26.0,7.6,0.18,Yes,Yes
16.2,13.0,13.0,0.6,313.0,160.0,0.05,0.17,227.0,32.49,7.6,0.18,Yes,Yes
17.2,18.0,16.0,0.6,333.5,170.7,0.05,0.16,227.0,34.7,7.6,0.18,No,No
18.8,18.0,16.0,0.6,367.5,189.0,0.05,0.15,227.0,35.1,7.6,0.18,No,No
1.2,6.0,76.0,0.7,18.8,13.9,0.2,0.16,138.0,33.29,7.6,0.18,No,No
4.6,8.0,49.0,0.7,82.5,44.2,0.05,0.21,125.0,27.75,7.6,0.18,Yes,Yes
5.6,5.0,99.0,0.7,101.3,53.2,0.07,0.22,175.0,33.45,7.6,0.18,No,No
9.6,8.0,97.0,0.7,175.6,88.3,0.05,0.22,175.0,34.05,7.6,0.18,No,No
12.2,12.0,96.0,0.7,224.0,111.2,0.04,0.2,175.0,35.04,7.6,0.18,No,No
13.2,9.0,80.0,0.7,243.0,120.4,0.04,0.2,175.0,34.46,7.6,0.18,No,No
14.8,12.0,80.0,0.7,276.0,137.7,0.03,0.18,175.0,34.71,7.6,0.18,No,No
16.2,12.0,85.0,0.7,304.3,152.2,0.06,0.17,250.0,33.04,7.6,0.18,No,No
17.2,40.0,47.0,0.7,324.2,162.4,0.06,0.16,250.0,41.91,7.6,0.18,No,No
1.2,6.0,44.0,2.5,18.7,18.7,0.24,0.12,150.0,28.15,7.6,0.18,No,No
2.8,6.0,90.0,2.5,45.7,42.7,0.1,0.12,150.0,33.6,7.6,0.18,No,No
4.2,6.0,97.0,2.5,72.5,55.9,0.07,0.15,150.0,32.44,7.6,0.18,No,No
5.8,4.0,33.0,2.5,103.3,71.0,0.05,0.17,150.0,26.0,7.6,0.18,Yes,Yes
7.2,9.0,90.0,2.5,129.8,83.7,0.06,0.17,172.0,29.17,7.6,0.18,No,No
8.8,11.0,99.0,2.5,161.9,100.1,0.05,0.18,172.0,30.94,7.6,0.18,No,No
10.2,11.0,91.0,2.5,187.0,111.5,0.04,0.18,172.0,27.3,7.6,0.18,No,No
11.8,7.0,76.0,2.5,217.5,126.3,0.04,0.18,172.0,28.49,7.6,0.18,Yes,Yes
13.2,8.0,98.0,2.5,245.4,140.4,0.03,0.17,172.0,31.01,7.6,0.18,No,No
14.8,5.0,98.0,2.5,273.4,152.8,0.03,0.16,172.0,36.29,7.6,0.18,No,No
16.2,13.0,74.0,2.5,300.2,165.8,0.03,0.16,172.0,32.49,7.6,0.18,No,No
17.8,12.0,91.0,2.5,332.6,182.5,0.03,0.15,172.0,32.39,7.6,0.18,No,No
19.2,25.0,22.0,2.5,358.2,194.4,0.05,0.14,241.0,38.0,7.6,0.18,No,No
2.0,7.0,93.0,1.78,30.0,27.9,0.16,0.13,158.0,34.4,7.6,0.18,No,No
5.8,6.0,90.0,1.78,100.7,61.2,0.06,0.19,158.0,26.93,7.6,0.18,Yes,Yes
10.2,14.0,28.0,1.78,181.2,98.6,0.05,0.2,182.0,31.49,7.6,0.18,No,No
11.8,14.0,98.0,1.78,212.3,114.0,0.04,0.19,167.0,32.0,7.6,0.18,No,No
13.2,18.0,15.0,1.78,238.1,126.1,0.07,0.18,250.0,33.86,7.6,0.18,No,No
14.8,17.0,18.0,1.78,270.7,142.9,0.07,0.17,250.0,33.86,7.6,0.18,No,No
16.2,17.0,13.0,1.78,299.4,157.9,0.06,0.16,250.0,34.28,7.6,0.18,No,No
17.8,10.0,75.0,1.78,331.9,174.7,0.04,0.15,200.0,34.58,7.6,0.18,No,No
19.2,9.0,96.0,1.78,360.4,189.5,0.04,0.14,200.0,31.97,7.6,0.18,No,No
1.2,6.0,85.0,0.85,17.0,13.6,0.27,0.15,161.0,32.01,7.6,0.18,No,No
3.0,13.0,99.0,0.85,49.3,28.2,0.11,0.2,161.0,29.17,7.6,0.18,No,No
4.8,11.0,99.0,0.85,81.6,42.9,0.07,0.22,161.0,31.49,7.6,0.18,No,No
6.5,4.0,55.0,0.85,112.4,57.0,0.05,0.22,161.0,26.0,7.6,0.18,Yes,Yes
7.5,7.0,56.0,0.85,131.3,66.0,0.05,0.22,161.0,27.75,7.6,0.18,Yes,Yes
9.2,16.0,50.0,0.85,163.2,81.3,0.04,0.22,161.0,32.0,7.6,0.18,No,No
12.5,11.0,98.0,0.85,228.2,113.9,0.03,0.2,161.0,32.01,7.6,0.18,No,No
13.2,7.0,99.0,0.85,241.1,119.9,0.03,0.2,161.0,32.09,7.6,0.18,No,No
14.8,10.0,88.0,0.85,269.5,132.6,0.04,0.19,200.0,32.85,7.6,0.18,No,No
16.2,10.0,89.0,0.85,297.2,146.6,0.06,0.17,243.0,32.62,7.6,0.18,No,No
17.8,16.0,12.0,0.85,328.7,162.4,0.06,0.16,243.0,33.86,7.6,0.18,No,No
1.2,4.0,7.0,0.71,20.7,15.9,0.21,0.15,140.0,24.9,7.6,0.18,Yes,Yes
2.8,6.0,99.0,0.71,52.1,31.6,0.09,0.19,140.0,31.8,7.6,0.18,No,No
4.2,15.0,51.0,0.71,77.7,43.4,0.06,0.21,140.0,30.39,7.6,0.18,No,No
7.0,13.0,99.0,0.71,130.4,68.7,0.04,0.21,140.0,28.59,7.6,0.18,No,No
8.8,8.0,84.0,0.71,163.9,84.6,0.03,0.21,140.0,36.8,7.6,0.18,No,No
11.8,7.0,68.0,0.71,223.4,114.6,0.05,0.2,200.0,28.49,7.6,0.18,Yes,Yes
13.2,10.0,59.0,0.71,248.9,126.4,0.04,0.19,184.0,30.39,7.6,0.18,Yes,Yes
14.8,12.0,11.0,0.71,279.5,141.2,0.04,0.18,184.0,31.49,7.6,0.18,Yes,Yes
16.5,8.0,91.0,0.71,313.4,158.5,0.03,0.17,184.0,34.34,7.6,0.18,No,No
17.8,13.0,98.0,0.71,339.6,172.0,0.03,0.16,184.0,30.0,7.6,0.18,No,No
19.2,8.0,100.0,0.71,365.9,184.5,0.03,0.15,184.0,30.34,7.6,0.18,No,No
1.2,6.0,8.0,1.7,17.0,17.0,0.19,0.12,133.0,26.0,7.6,0.18,No,No
2.8,8.0,95.0,1.7,45.4,34.6,0.08,0.15,133.0,32.85,7.6,0.18,No,No
5.0,8.0,65.0,1.7,86.1,53.7,0.05,0.18,133.0,33.04,7.6,0.18,No,No
6.1,14.0,14.0,1.7,106.9,63.7,0.06,0.19,167.0,30.95,7.6,0.18,No,No
7.2,15.0,23.0,1.7,130.9,77.0,0.05,0.19,167.0,31.49,7.6,0.18,No,No
9.0,6.0,98.0,1.7,168.0,96.4,0.06,0.19,200.0,31.08,7.6,0.18,No,No
10.2,8.0,97.0,1.7,189.3,105.9,0.06,0.19,200.0,32.85,7.6,0.18,No,No
11.8,10.0,29.0,1.7,218.8,119.7,0.05,0.19,200.0,30.39,7.6,0.18,Yes,Yes
14.0,18.0,6.0,1.7,261.3,140.6,0.06,0.18,226.0,34.28,7.6,0.18,No,No
14.8,20.0,14.0,1.7,277.8,149.3,0.05,0.17,226.0,35.1,7.6,0.18,No,No
17.2,18.0,6.0,1.7,328.2,176.2,0.05,0.15,226.0,34.7,7.6,0.18,No,No
19.2,15.0,90.0,1.7,373.2,201.6,0.05,0.14,231.0,31.53,7.6,0.18,No,No
1.2,13.0,43.0,2.3,20.5,20.5,0.31,0.12,171.0,29.17,7.6,0.18,No,No
2.8,7.0,73.0,2.3,50.1,45.2,0.13,0.13,171.0,32.57,7.6,0.18,No,No
4.2,9.0,54.0,2.3,76.9,58.3,0.09,0.15,171.0,28.49,7.6,0.18,No,No
5.8,10.0,94.0,2.3,109.3,75.0,0.07,0.17,171.0,29.17,7.6,0.18,No,No
7.2,9.0,98.0,2.3,134.5,86.5,0.06,0.17,171.0,32.66,7.6,0.18,No,No
8.8,3.0,99.0,2.3,164.1,100.3,0.05,0.18,182.0,32.9,7.6,0.18,No,No
10.2,8.0,98.0,2.3,190.2,112.7,0.05,0.18,182.0,33.09,7.6,0.18,No,No
11.8,7.0,64.0,2.3,219.1,125.9,0.04,0.18,182.0,28.49,7.6,0.18,Yes,Yes
13.2,11.0,17.0,2.3,247.5,140.6,0.06,0.17,226.0,30.95,7.6,0.18,Yes,Yes
14.8,14.0,17.0,2.3,279.2,156.6,0.05,0.16,226.0,32.96,7.6,0.18,No,No
16.2,30.0,20.0,2.3,308.4,172.0,0.05,0.15,226.0,39.29,7.6,0.18,No,No
17.8,16.0,14.0,2.3,345.3,193.3,0.05,0.14,226.0,34.28,7.6,0.18,No,No
19.2,13.0,10.0,2.3,375.0,209.2,0.05,0.14,231.0,33.42,7.6,0.18,No,No
2.8,12.0,96.0,0.8,45.6,25.9,0.1,0.2,145.0,33.45,7.6,0.18,No,No
4.2,7.0,96.0,0.8,70.3,37.0,0.07,0.22,145.0,32.09,7.6,0.18,No,No
7.2,6.0,98.0,0.8,125.5,62.7,0.04,0.23,145.0,33.14,7.6,0.18,No,No
8.8,13.0,99.0,0.8,156.6,78.2,0.03,0.22,145.0,29.97,7.6,0.18,No,No
10.2,14.0,97.0,0.8,182.1,89.9,0.05,0.22,194.0,31.49,7.6,0.18,No,No
11.8,15.0,13.0,0.8,211.1,103.2,0.05,0.21,194.0,32.0,7.6,0.18,Yes,Yes
14.8,12.0,91.0,0.8,271.2,133.8,0.03,0.18,164.0,35.45,7.6,0.18,No,No
17.8,14.0,91.0,0.8,331.1,164.4,0.03,0.16,176.0,36.8,7.6,0.18,No,No
19.2,13.0,60.0,0.8,358.7,178.2,0.06,0.15,250.0,37.54,7.6,0.18,No,No
4.2,4.0,99.0,2.0,80.9,59.3,0.13,0.16,200.0,26.0,7.6,0.18,Yes,Yes
5.8,6.0,54.0,2.0,110.2,73.0,0.06,0.17,158.0,26.93,7.6,0.18,Yes,Yes
7.2,14.0,9.0,2.0,137.5,86.4,0.05,0.18,158.0,31.49,7.6,0.18,Yes,Yes
8.8,7.0,96.0,2.0,171.0,104.3,0.04,0.18,154.0,32.01,7.6,0.18,No,No
10.2,15.0,34.0,2.0,197.1,116.6,0.06,0.18,200.0,32.49,7.6,0.18,No,No
13.2,25.0,7.0,2.0,257.4,147.6,0.05,0.17,200.0,36.97,7.6,0.18,No,No
14.8,26.0,20.0,2.0,292.1,166.5,0.04,0.16,200.0,37.66,7.6,0.18,No,No
16.2,17.0,10.0,2.0,323.4,184.1,0.04,0.15,200.0,34.7,7.6,0.18,No,No
17.8,21.0,6.0,2.0,358.3,203.3,0.04,0.14,200.0,36.61,7.6,0.18,No,No
19.2,10.0,29.0,2.0,388.9,220.2,0.06,0.13,250.0,31.49,7.6,0.18,No,No
2.2,7.0,59.0,1.1,36.4,25.7,0.08,0.17,118.0,26.93,7.6,0.18,Yes,Yes
3.8,10.0,17.0,1.1,66.5,40.0,0.05,0.19,118.0,28.49,7.6,0.18,Yes,Yes
5.2,9.0,61.0,1.1,93.6,53.4,0.06,0.2,150.0,28.49,7.6,0.18,Yes,Yes
6.8,10.0,15.0,1.1,124.0,68.1,0.05,0.21,150.0,29.17,7.6,0.18,Yes,Yes
8.2,16.0,15.0,1.1,153.5,83.9,0.05,0.2,167.0,32.0,7.6,0.18,Yes,Yes
9.8,13.0,98.0,1.1,186.9,101.6,0.04,0.2,167.0,31.34,7.6,0.18,No,No
11.2,20.0,20.0,1.1,212.2,113.1,0.07,0.2,235.0,34.28,7.6,0.18,No,No
12.8,25.0,7.0,1.1,244.1,129.3,0.07,0.19,235.0,36.25,7.6,0.18,No,No
14.2,19.0,18.0,1.1,275.1,146.6,0.06,0.18,235.0,34.7,7.6,0.18,No,No
15.8,24.0,18.0,1.1,308.0,163.8,0.06,0.16,235.0,36.97,7.6,0.18,No,No
17.2,21.0,10.0,1.1,339.4,181.4,0.05,0.15,235.0,36.25,7.6,0.18,No,No
18.8,16.0,98.0,1.1,374.6,201.0,0.06,0.14,250.0,30.09,7.6,0.18,No,No
1.2,7.0,85.0,2.3,17.7,17.7,0.18,0.12,130.0,29.01,7.6,0.18,No,No
2.8,6.0,30.0,2.3,43.5,38.6,0.08,0.13,130.0,26.93,7.6,0.18,Yes,Yes
4.2,5.0,90.0,2.3,70.4,51.8,0.07,0.16,147.0,26.0,7.6,0.18,Yes,Yes
6.8,6.0,99.0,2.3,118.2,74.1,0.04,0.18,147.0,27.35,7.6,0.18,Yes,Yes
8.8,7.0,94.0,2.3,156.3,92.6,0.03,0.19,147.0,28.12,7.6,0.18,Yes,Yes
10.1,18.0,23.0,2.3,180.5,103.9,0.01,0.19,97.0,33.19,7.6,0.18,No,No
11.8,13.0,31.0,2.3,213.8,120.6,0.01,0.18,97.0,31.49,7.6,0.18,No,No
13.2,11.0,94.0,2.3,241.0,134.1,0.02,0.18,133.0,34.77,7.6,0.18,No,No
14.8,18.0,67.0,2.3,272.3,149.7,0.02,0.17,133.0,34.28,7.6,0.18,No,No
16.2,11.0,30.0,2.3,300.7,164.3,0.02,0.16,133.0,31.22,7.6,0.18,No,No
17.8,18.0,20.0,2.3,331.9,179.9,0.02,0.15,133.0,35.1,7.6,0.18,No,No
19.2,43.0,29.0,2.3,361.1,195.3,0.02,0.14,133.0,43.75,7.6,0.18,No,No
1.2,25.0,81.0,2.3,16.4,16.4,0.15,0.12,120.0,34.34,7.6,0.18,No,No
2.8,5.0,99.0,2.3,40.1,35.1,0.07,0.13,120.0,27.34,7.6,0.18,No,No
4.2,6.0,19.0,2.3,64.4,45.7,0.09,0.16,167.0,26.93,7.6,0.18,Yes,Yes
5.8,7.0,99.0,2.3,96.1,61.8,0.06,0.18,159.0,30.19,7.6,0.18,No,No
7.2,7.0,99.0,2.3,121.2,73.1,0.05,0.19,159.0,31.72,7.6,0.18,No,No
8.8,7.0,99.0,2.3,150.1,86.4,0.04,0.19,159.0,30.74,7.6,0.18,No,No
10.2,6.0,99.0,2.3,175.3,97.8,0.04,0.19,159.0,30.41,7.6,0.18,No,No
11.8,8.0,66.0,2.3,203.1,110.0,0.03,0.19,159.0,29.17,7.6,0.18,Yes,Yes
13.2,21.0,10.0,2.3,229.7,122.8,0.05,0.18,207.0,34.7,7.6,0.18,No,No
14.8,19.0,8.0,2.3,262.4,139.8,0.05,0.17,207.0,34.7,7.6,0.18,No,No
16.2,16.0,7.0,2.3,291.6,155.3,0.04,0.16,207.0,33.86,7.6,0.18,No,No
17.2,8.0,82.0,2.3,313.0,166.8,0.04,0.15,207.0,30.1,7.6,0.18,No,No
19.2,10.0,97.0,2.3,351.7,185.9,0.05,0.14,235.0,31.92,7.6,0.18,No,No
2.8,13.0,80.0,0.99,50.9,33.2,0.06,0.38,113.0,29.8,7.6,0.38,Yes,Yes
4.2,8.0,80.0,0.99,78.6,47.1,0.08,0.41,155.0,27.75,7.6,0.38,Yes,Yes
5.4,13.0,90.0,0.99,101.8,58.5,0.09,0.42,194.0,30.39,7.6,0.38,Yes,Yes
7.2,15.0,90.0,0.99,138.0,77.1,0.08,0.43,205.0,31.49,7.6,0.38,Yes,Yes
9.2,15.0,82.0,0.99,179.3,98.7,0.06,0.42,188.0,32.0,7.6,0.38,Yes,Yes
11.2,16.0,90.0,0.99,219.5,119.3,0.06,0.4,206.0,32.96,7.6,0.38,Yes,Yes
12.2,18.0,95.0,0.99,239.3,129.3,0.05,0.39,206.0,36.88,7.6,0.38,No,No
13.8,17.0,88.0,0.99,271.8,146.1,0.07,0.37,242.0,33.86,7.6,0.38,Yes,Yes
15.2,21.0,78.0,0.99,299.5,160.1,0.08,0.35,281.0,35.87,7.6,0.38,No,No
1.2,30.0,43.0,0.7,39.7,34.8,0.23,0.28,149.0,35.1,7.6,0.38,No,No
3.2,15.0,10.0,0.7,84.1,59.6,0.05,0.35,113.0,30.95,7.6,0.38,Yes,Yes
6.2,20.0,32.0,0.7,150.4,96.4,0.09,0.37,205.0,33.86,7.6,0.38,Yes,Yes
8.6,13.0,57.0,0.7,206.1,128.6,0.06,0.37,195.0,32.0,7.6,0.38,Yes,Yes
10.2,18.0,38.0,0.7,237.1,143.9,0.05,0.37,188.0,34.28,7.6,0.38,Yes,Yes
12.2,21.0,19.0,0.7,279.2,166.3,0.05,0.36,206.0,35.87,7.6,0.38,Yes,Yes
13.2,33.0,58.0,0.7,299.8,177.2,0.07,0.35,242.0,40.2,7.6,0.38,No,No
14.8,62.0,11.0,0.7,333.6,195.3,0.08,0.33,281.0,48.35,7.6,0.38,No,No
16.2,49.0,26.0,0.7,362.6,210.5,0.08,0.31,281.0,45.69,7.6,0.38,No,No
1.2,41.0,22.0,5.0,24.8,24.8,0.27,0.25,161.0,36.97,7.6,0.38,No,No
4.2,10.0,42.0,5.0,67.6,67.6,0.08,0.24,161.0,29.17,7.6,0.38,No,No
5.8,9.0,25.0,5.0,96.8,89.0,0.08,0.26,184.0,29.17,7.6,0.38,Yes,Yes
7.2,23.0,19.0,5.0,125.1,103.5,0.07,0.29,184.0,35.1,7.6,0.38,Yes,Yes
8.8,14.0,43.0,5.0,161.1,123.8,0.05,0.3,184.0,32.0,7.6,0.38,Yes,Yes
10.2,18.0,55.0,5.0,189.6,138.6,0.05,0.31,184.0,36.37,7.6,0.38,No,No
11.8,13.0,85.0,5.0,221.9,155.2,0.04,0.31,184.0,36.71,7.6,0.38,No,No
13.2,17.0,80.0,5.0,250.4,169.9,0.07,0.3,250.0,42.0,7.6,0.38,No,No
14.8,18.0,97.0,5.0,282.2,186.1,0.07,0.29,250.0,52.08,7.6,0.38,No,No
17.8,31.0,80.0,5.0,342.5,217.0,0.08,0.27,294.0,40.49,7.6,0.38,No,No
19.2,38.0,29.0,5.0,371.3,232.0,0.08,0.26,294.0,43.24,7.6,0.38,No,No
1.2,27.0,13.0,1.5,21.5,21.5,0.24,0.25,150.0,33.42,7.6,0.38,No,No
3.8,15.0,30.0,1.5,74.1,51.5,0.08,0.35,150.0,30.95,7.6,0.38,Yes,Yes
5.8,14.0,30.0,1.5,115.1,73.0,0.06,0.38,160.0,30.95,7.6,0.38,Yes,Yes
7.2,22.0,6.0,1.5,144.2,88.3,0.05,0.39,160.0,34.28,7.6,0.38,Yes,Yes
10.2,5.0,73.0,1.5,208.0,122.7,0.08,0.38,240.0,31.34,7.6,0.38,No,No
10.8,4.0,97.0,1.5,220.2,129.0,0.08,0.38,240.0,32.48,7.6,0.38,No,No
11.8,16.0,98.0,1.5,240.3,139.3,0.07,0.37,240.0,31.23,7.6,0.38,No,No
13.2,14.0,96.0,1.5,267.4,152.7,0.07,0.36,240.0,30.84,7.6,0.38,No,No
14.8,18.0,98.0,1.5,299.3,168.9,0.06,0.34,240.0,34.58,7.6,0.38,No,No
16.2,18.0,99.0,1.5,326.4,182.2,0.05,0.32,214.0,32.9,7.6,0.38,No,No
17.8,28.0,36.0,1.5,358.2,198.3,0.04,0.3,214.0,39.29,7.6,0.38,No,No
18.8,63.0,16.0,1.5,378.9,209.2,0.04,0.29,214.0,48.98,7.6,0.38,No,No
7.2,6.0,94.0,1.9,147.5,95.5,0.15,0.37,277.0,34.71,7.6,0.38,No,No
8.8,63.0,67.0,1.9,179.4,111.7,0.12,0.37,277.0,34.9,7.6,0.38,No,No
12.0,14.0,75.0,1.9,245.5,146.4,0.17,0.36,363.0,35.1,7.6,0.38,No,No
14.8,36.0,35.0,1.9,302.7,176.2,0.14,0.33,363.0,41.07,7.6,0.38,No,No
16.2,30.0,91.0,1.9,332.1,191.8,0.13,0.31,363.0,39.6,7.6,0.38,No,No
17.8,33.0,49.0,1.9,366.0,210.1,0.12,0.29,363.0,41.07,7.6,0.38,No,No
1.8,4.0,98.0,1.14,29.7,23.2,0.3,0.56,208.0,24.9,7.6,0.67,Yes,Yes
3.2,14.0,51.0,1.14,56.9,36.7,0.06,0.67,122.0,33.77,7.6,0.67,No,No
4.2,8.0,32.0,1.14,76.7,46.7,0.05,0.71,130.0,27.75,7.6,0.67,Yes,Yes
5.2,21.0,46.0,1.14,96.1,56.3,0.05,0.73,145.0,32.96,7.6,0.67,Yes,Yes
6.2,16.0,15.0,1.14,114.1,64.5,0.08,0.75,188.0,31.49,7.6,0.67,Yes,Yes
8.6,18.0,29.0,1.14,163.2,90.0,0.07,0.74,209.0,32.96,7.6,0.67,Yes,Yes
11.2,23.0,33.0,1.14,216.7,118.0,0.08,0.71,239.0,35.49,7.6,0.67,No,No
12.2,36.0,32.0,1.14,238.2,129.7,0.07,0.69,239.0,39.6,7.6,0.67,No,No
13.2,28.0,35.0,1.14,259.7,141.4,0.08,0.67,261.0,37.66,7.6,0.67,Yes,Yes
14.2,58.0,32.0,1.14,281.5,153.4,0.08,0.64,261.0,45.92,7.6,0.67,No,No
2.0,10.0,58.0,0.75,37.7,25.4,0.27,0.65,208.0,36.88,7.6,0.67,No,No
7.2,11.0,55.0,0.75,144.6,81.3,0.07,0.74,188.0,29.8,7.6,0.67,Yes,Yes
10.2,21.0,52.0,0.75,206.5,113.8,0.08,0.72,239.0,34.7,7.6,0.67,Yes,Yes
12.2,24.0,9.0,0.75,248.3,135.9,0.07,0.69,239.0,36.25,7.6,0.67,Yes,Yes
13.2,24.0,15.0,0.75,269.7,147.6,0.08,0.66,261.0,36.61,7.6,0.67,Yes,Yes
14.2,19.0,34.0,0.75,291.4,159.4,0.08,0.64,261.0,35.1,7.6,0.67,Yes,Yes
6.2,13.0,54.0,0.5,123.1,67.2,0.08,0.77,188.0,36.88,7.6,0.67,No,No
8.8,15.0,51.0,0.5,176.8,95.4,0.07,0.76,209.0,32.0,7.6,0.67,Yes,Yes
13.2,20.0,16.0,0.5,270.2,145.6,0.08,0.67,261.0,35.1,7.6,0.67,Yes,Yes
14.2,20.0,21.0,0.5,291.9,157.5,0.08,0.65,261.0,35.49,7.6,0.67,Yes,Yes
15.2,15.0,19.0,0.5,313.2,169.0,0.07,0.62,260.0,33.42,7.6,0.67,Yes,Yes
16.2,30.0,10.0,0.5,334.5,180.5,0.07,0.59,260.0,39.29,7.6,0.67,No,No
17.2,28.0,13.0,0.5,356.3,192.4,0.07,0.56,262.0,38.97,7.6,0.67,No,No
18.2,18.0,5.0,0.5,378.0,204.4,0.06,0.54,262.0,35.49,7.6,0.67,Yes,Yes
19.2,32.0,10.0,0.5,400.1,216.6,0.07,0.52,268.0,40.78,7.6,0.67,No,No
3.8,18.0,19.0,1.57,75.8,54.0,0.06,0.6,130.0,32.0,7.6,0.67,Yes,Yes
8.2,19.0,15.0,1.57,169.1,104.1,0.08,0.67,209.0,33.86,7.6,0.67,Yes,Yes
0.8,8.0,13.0,3.6,12.1,12.1,0.85,0.44,233.0,26.93,7.6,0.67,No,No
1.8,8.0,10.0,3.6,28.9,28.9,0.3,0.44,208.0,27.75,7.6,0.67,No,No
2.8,1.0,13.0,3.6,43.1,43.1,0.07,0.43,122.0,23.46,7.6,0.67,No,No
3.8,4.0,31.0,3.6,58.9,56.9,0.06,0.45,130.0,26.0,7.6,0.67,Yes,Yes
5.2,21.0,10.0,3.6,87.6,71.9,0.05,0.52,145.0,33.42,7.6,0.67,Yes,Yes
6.2,14.0,36.0,3.6,109.2,83.7,0.08,0.55,188.0,31.49,7.6,0.67,Yes,Yes
7.2,18.0,26.0,3.6,131.4,96.0,0.07,0.57,188.0,32.96,7.6,0.67,Yes,Yes
8.2,22.0,33.0,3.6,153.0,107.9,0.08,0.59,209.0,34.7,7.6,0.67,Yes,Yes
9.2,41.0,27.0,3.6,174.9,120.0,0.09,0.59,239.0,40.78,7.6,0.67,No,No
10.2,22.0,26.0,3.6,197.3,132.5,0.08,0.59,239.0,35.49,7.6,0.67,Yes,Yes
11.2,24.0,8.0,3.6,219.8,145.3,0.08,0.59,239.0,36.61,7.6,0.67,Yes,Yes
12.2,21.0,9.0,3.6,242.2,157.8,0.07,0.58,239.0,35.87,7.6,0.67,Yes,Yes
13.2,25.0,67.0,3.6,263.3,169.2,0.08,0.56,261.0,37.32,7.6,0.67,No,No
14.2,22.0,52.0,3.6,284.6,180.6,0.08,0.55,261.0,36.61,7.6,0.67,No,No
15.2,15.0,53.0,3.6,305.8,192.0,0.07,0.53,260.0,33.86,7.6,0.67,Yes,Yes
0.8,14.0,23.0,1.03,13.1,13.1,0.33,0.44,145.0,29.17,7.6,0.67,No,No
3.8,16.0,19.0,1.03,73.7,46.5,0.11,0.68,177.0,30.95,7.6,0.67,Yes,Yes
6.8,23.0,14.0,1.03,136.7,80.1,0.05,0.72,151.0,34.28,7.6,0.67,Yes,Yes
7.8,11.0,10.0,1.03,157.9,91.5,0.04,0.72,143.0,30.39,7.6,0.67,Yes,Yes
9.8,15.0,23.0,1.03,198.9,112.8,0.03,0.71,149.0,32.49,7.6,0.67,Yes,Yes
10.8,17.0,18.0,1.03,219.8,123.9,0.03,0.7,149.0,33.42,7.6,0.67,Yes,Yes
15.8,25.0,18.0,1.03,323.0,178.1,0.05,0.59,224.0,37.66,7.6,0.67,Yes,Yes
17.8,12.0,17.0,1.03,366.9,202.4,0.06,0.54,245.0,32.49,7.6,0.67,Yes,Yes
18.8,26.0,26.0,1.03,387.9,213.5,0.05,0.52,245.0,38.65,7.6,0.67,No,No
19.8,28.0,17.0,1.03,408.9,224.7,0.06,0.5,265.0,39.6,7.6,0.67,No,No
1.2,11.0,49.0,3.2,19.3,19.3,0.18,0.44,130.0,28.49,7.6,0.67,No,No
3.8,18.0,20.0,3.2,64.6,58.7,0.1,0.47,167.0,32.0,7.6,0.67,Yes,Yes
5.8,16.0,50.0,3.2,108.7,83.2,0.07,0.55,179.0,32.0,7.6,0.67,Yes,Yes
7.2,16.0,40.0,3.2,138.4,99.2,0.06,0.58,179.0,32.49,7.6,0.67,Yes,Yes
8.8,15.0,72.0,3.2,171.8,116.9,0.05,0.6,179.0,42.81,7.6,0.67,No,No
10.2,13.0,65.0,3.2,200.9,132.3,0.05,0.61,179.0,32.0,7.6,0.67,Yes,Yes
11.8,27.0,27.0,3.2,234.0,149.6,0.04,0.6,179.0,37.66,7.6,0.67,No,No
13.2,30.0,20.0,3.2,263.2,165.1,0.04,0.58,179.0,38.97,7.6,0.67,No,No
14.8,35.0,49.0,3.2,296.9,183.1,0.03,0.55,179.0,41.07,7.6,0.67,No,No
18.8,24.0,45.0,3.2,386.7,233.7,0.03,0.47,179.0,38.65,7.6,0.67,No,No
1.2,3.0,65.0,0.5,21.7,14.8,0.11,0.64,104.0,24.24,7.6,0.67,Yes,Yes
3.8,8.0,61.0,0.5,74.0,41.6,0.04,0.77,104.0,27.75,7.6,0.67,Yes,Yes
5.8,9.0,75.0,0.5,115.4,63.4,0.07,0.77,167.0,36.05,7.6,0.67,No,No
7.5,25.0,45.0,0.5,151.7,83.0,0.05,0.76,167.0,35.1,7.6,0.67,Yes,Yes
8.8,21.0,44.0,0.5,179.1,97.7,0.05,0.75,167.0,34.28,7.6,0.67,Yes,Yes
10.2,24.0,51.0,0.5,208.5,113.4,0.04,0.73,167.0,35.49,7.6,0.67,No,No
11.8,27.0,58.0,0.5,242.3,131.4,0.04,0.7,167.0,36.97,7.6,0.67,No,No
13.2,17.0,77.0,0.5,270.8,146.3,0.03,0.67,167.0,36.97,7.6,0.67,No,No
14.8,38.0,29.0,0.5,304.7,164.4,0.03,0.63,167.0,41.35,7.6,0.67,No,No
16.2,13.0,72.0,0.5,334.1,180.1,0.06,0.59,250.0,36.97,7.6,0.67,No,No
17.8,13.0,76.0,0.5,367.5,197.7,0.06,0.55,250.0,34.97,7.6,0.67,No,No
19.2,11.0,82.0,0.5,396.8,213.3,0.1,0.52,333.0,34.46,7.6,0.67,No,No
1.2,27.0,36.0,1.4,20.4,20.4,0.18,0.44,130.0,33.42,7.6,0.67,No,No
3.8,14.0,69.0,1.4,70.3,46.7,0.06,0.65,130.0,30.39,7.6,0.67,Yes,Yes
5.8,16.0,22.0,1.4,109.3,66.2,0.04,0.7,130.0,31.49,7.6,0.67,Yes,Yes
7.2,19.0,70.0,1.4,139.1,82.2,0.08,0.71,200.0,32.96,7.6,0.67,Yes,Yes
8.8,28.0,71.0,1.4,173.1,100.5,0.05,0.71,182.0,37.25,7.6,0.67,No,No
10.2,21.0,71.0,1.4,202.9,116.6,0.05,0.69,182.0,34.7,7.6,0.67,Yes,Yes
13.2,18.0,74.0,1.4,266.4,150.6,0.04,0.64,182.0,34.1,7.6,0.67,No,No
14.8,23.0,40.0,1.4,299.3,167.8,0.04,0.61,182.0,36.61,7.6,0.67,No,No
16.2,37.0,35.0,1.4,328.6,183.5,0.03,0.57,182.0,41.63,7.6,0.67,No,No
17.8,16.0,67.0,1.4,362.9,202.0,0.03,0.53,182.0,38.27,7.6,0.67,No,No
19.2,17.0,67.0,1.4,391.8,217.2,0.03,0.51,182.0,37.54,7.6,0.67,No,No
