N1_60,FCI,sigma_v_eff_kpa,CSR7.5,T,Source,CRR_target
15.0,5.0,47.8,0.35847907949790797,1,Hanna2007,0.1956064193916749
31.0,7.0,67.7,0.49677282127031014,0,Hanna2007,0.9162416794950896
7.0,94.0,98.6,0.3957331845841785,1,Hanna2007,1.2223079795738898
18.0,21.0,126.9,0.1852278723404255,0,Hanna2007,0.37460940707907925
9.0,57.0,49.1,0.213642,1,Hanna2007,0.056874982847148356
42.0,42.0,158.9,0.3362237369414727,0,Hanna2007,1.8652248556471094
9.0,54.0,48.7,0.6912780030800822,1,Hanna2007,0.058709740978405305
20.0,1.0,79.1,0.40354530973451336,0,Hanna2007,0.3267122950889765
7.0,99.0,73.8,0.4600802168021681,1,Hanna2007,1.3100053348826408
5.0,70.0,39.0,0.1510824,1,Hanna2007,0.06903361066798033
30.0,20.0,180.0,0.3452678522222223,0,Hanna2007,1.73043220047008
26.0,51.0,134.6,0.6300248432392274,0,Hanna2007,1.3691494789290224
13.0,40.0,121.7,0.6746535546425638,1,Hanna2007,0.215207966981598
26.0,36.0,73.4,0.6135945803814714,0,Hanna2007,0.7402700243897624
33.0,10.0,109.3,0.4193029277218664,0,Hanna2007,1.2868709628560306
7.0,59.0,28.9,0.4552145674740485,1,Hanna2007,0.061789300858977256
5.0,99.0,48.2,0.16376116182572614,1,Hanna2007,1.4023433485510266
9.0,15.0,37.1,0.11923813746630726,1,Hanna2007,0.07529649015390814
23.0,18.0,132.3,0.16630758503401358,0,Hanna2007,0.41566719573193883
36.0,19.0,188.2,0.3311430042507971,0,Hanna2007,1.9237987391533993
9.0,31.0,43.1,0.5343372807424595,1,Hanna2007,0.08760070532637307
6.0,90.0,14.0,0.2981735714285715,0,Hanna2007,1.4744816237930967
8.0,94.0,20.6,0.37947,0,Hanna2007,1.3362356752372306
7.0,100.0,27.3,0.41734857142857146,0,Hanna2007,1.470544416355965
5.0,87.0,34.0,0.4376006470588235,0,Hanna2007,0.34237266566651625
5.0,74.0,41.5,0.4449733975903615,1,Hanna2007,0.08304220838296554
3.0,92.0,47.8,0.4533274058577406,0,Hanna2007,1.3680538259089263
3.0,97.0,55.9,0.4579627906976745,0,Hanna2007,1.3899032637277051
19.0,70.0,65.6,0.4536940548780488,1,Hanna2007,0.32977418312048745
26.0,58.0,75.2,0.4487765957446808,0,Hanna2007,0.6670643950451098
48.0,5.0,85.0,0.4426561176470588,0,Hanna2007,1.5759384410844264
3.0,74.0,15.8,0.29175949367088605,1,Hanna2007,0.22901375795311152
5.0,86.0,22.6,0.36715681415929197,1,Hanna2007,0.36379477357059276
2.0,85.0,36.2,0.4253197790055248,0,Hanna2007,1.339660827594142
10.0,93.0,43.2,0.4364858333333334,1,Hanna2007,0.3325550471945864
4.0,99.0,57.3,0.4521413612565446,0,Hanna2007,1.3978120218774015
11.0,85.0,66.1,0.45167034795764005,1,Hanna2007,0.18119037468659208
39.0,8.0,79.0,0.4485312658227848,0,Hanna2007,1.3098138796898373
25.0,6.0,94.4,0.43684957627118637,0,Hanna2007,0.39144971613223767
7.0,99.0,19.4,0.3951182474226805,0,Hanna2007,1.5109007771501048
4.0,99.0,27.9,0.4356668100358423,0,Hanna2007,1.5037368478764241
6.0,79.0,36.1,0.44896454293628807,1,Hanna2007,0.18745184444750565
5.0,96.0,51.0,0.46651341176470595,1,Hanna2007,1.3782360568992689
17.0,88.0,59.1,0.46453553299492384,1,Hanna2007,0.2991559931038028
49.0,9.0,79.2,0.44997645202020203,0,Hanna2007,1.6000081733263896
7.0,97.0,41.3,0.4378000242130751,1,Hanna2007,1.3633790785782385
3.0,98.0,48.7,0.4469250513347023,0,Hanna2007,1.4077572144690125
18.0,92.0,62.2,0.45194855305466236,0,Hanna2007,0.32891640820762036
32.0,66.0,76.1,0.44467174770039425,0,Hanna2007,1.1485711860582815
75.0,8.0,92.5,0.43216145945945955,0,Hanna2007,2.9828622127730435
33.0,7.0,126.4,0.40645569620253164,0,Hanna2007,1.3755873419764941
10.0,100.0,147.9,0.3946893171061528,0,Hanna2007,1.557452712465009
3.0,96.0,25.1,0.2557819920318725,0,Hanna2007,1.4995260367717198
3.0,82.0,42.7,0.2516154566744731,0,Hanna2007,0.16739428350495936
10.0,21.0,54.6,0.26439761904761905,1,Hanna2007,0.17320141254273466
12.0,14.0,61.3,0.2873364763458402,1,Hanna2007,0.23476472245465474
31.0,29.0,70.3,0.30550000000000005,0,Hanna2007,1.045102766642609
33.0,5.0,85.4,0.3214221077283373,0,Hanna2007,1.008193189564845
31.0,5.0,106.2,0.33436685499058383,0,Hanna2007,0.8784315520692342
8.0,100.0,128.3,0.34539216679657053,0,Hanna2007,1.3613253264841894
12.0,100.0,145.1,0.347287966919366,0,Hanna2007,1.5316861062906166
9.0,36.0,157.3,0.34577165289256195,1,Hanna2007,0.1817968098187445
9.0,100.0,177.1,0.34153224167137214,0,Hanna2007,1.7941963070015439
4.0,87.0,21.5,0.25454,0,Hanna2007,0.49030071425806004
2.0,91.0,37.6,0.3354691489361702,1,Hanna2007,1.3879396767344307
25.0,5.0,56.2,0.37153537366548045,0,Hanna2007,0.33997634584439157
31.0,3.0,85.0,0.37834282352941173,0,Hanna2007,0.8531521147200004
35.0,4.0,96.6,0.37849109730848873,0,Hanna2007,1.2450826109449264
3.0,99.0,25.7,0.2825107392996109,0,Hanna2007,1.5195894173396738
4.0,99.0,32.2,0.335215900621118,0,Hanna2007,1.4789714356286485
11.0,98.0,45.9,0.38692588235294123,1,Hanna2007,0.3927254955674608
18.0,67.0,53.4,0.3981310861423222,1,Hanna2007,0.27409789238951004
48.0,53.0,62.8,0.4061382165605096,0,Hanna2007,1.6031540490206087
13.0,89.0,99.3,0.40410441087613297,1,Hanna2007,0.8603403208854772
3.0,97.0,25.3,0.2894226482213439,1,Hanna2007,1.5062882536938902
9.0,99.0,38.4,0.3732692708333334,0,Hanna2007,1.3223504959379908
10.0,87.0,52.6,0.4039258174904943,0,Hanna2007,0.21661084391757418
47.0,71.0,60.4,0.40940529801324504,0,Hanna2007,1.6493391329545657
16.0,92.0,67.9,0.4129701767304859,1,Hanna2007,0.31713197276386734
7.0,99.0,77.1,0.4173967833981842,0,Hanna2007,1.304223319208292
9.0,99.0,89.0,0.41846561797752807,1,Hanna2007,1.2039721971595065
10.0,28.0,43.2,0.38706657407407413,1,Hanna2007,0.1133930566912351
4.0,88.0,49.8,0.4024612048192771,1,Hanna2007,1.3365829675437106
24.0,97.0,57.7,0.41219124783362215,0,Hanna2007,0.3816206915490283
12.0,83.0,68.5,0.41823467153284666,1,Hanna2007,0.19463274217530088
6.0,98.0,76.5,0.4223632026143791,0,Hanna2007,1.3273102692169054
23.0,75.0,97.3,0.41552409044193217,1,Hanna2007,0.6443788581232923
4.0,99.0,14.3,0.42541999999999996,0,Hanna2007,1.581719448847429
2.0,99.0,22.2,0.4719257657657657,0,Hanna2007,1.541397669655512
3.0,99.0,30.9,0.4903082524271845,0,Hanna2007,1.490039425854843
7.0,51.0,39.3,0.48753374045801534,1,Hanna2007,0.01601975430737521
1.0,96.0,26.7,0.48172059925093624,0,Hanna2007,1.492815215753066
5.0,100.0,44.2,0.49325764705882347,0,Hanna2007,1.4193732041040539
55.0,99.0,51.7,0.4910479690522244,0,Hanna2007,2.053847301564317
44.0,4.0,63.4,0.47347476340694017,0,Hanna2007,1.439166095300173
3.0,94.0,14.7,0.2630687074829932,1,Hanna2007,1.5443616689971598
1.0,87.0,21.5,0.3518186976744186,1,Hanna2007,1.4462988883740622
16.0,99.0,26.9,0.3935157992565056,0,Hanna2007,0.4441858278998993
6.0,84.0,14.7,0.2630687074829932,1,Hanna2007,0.348503636040744
4.0,72.0,22.2,0.3538535585585586,1,Hanna2007,0.1752235711085269
4.0,99.0,30.9,0.38247177993527504,0,Hanna2007,1.4864058183140119
7.0,99.0,36.9,0.40384658536585366,0,Hanna2007,1.398028723627163
1.0,81.0,21.6,0.25571,0,Hanna2007,0.36529916068653406
2.0,71.0,34.0,0.2681911470588236,1,Hanna2007,0.08852864934533566
2.0,99.0,37.9,0.31595145118733514,0,Hanna2007,1.4537434412582213
9.0,89.0,43.9,0.342850569476082,1,Hanna2007,0.27835730811613085
30.0,4.0,55.4,0.36162996389891694,0,Hanna2007,0.8767719152076601
30.0,3.0,69.2,0.36989039017341035,0,Hanna2007,0.8229669887096733
36.0,5.0,89.1,0.3812166105499439,0,Hanna2007,1.2396994701850537
8.0,94.0,111.2,0.3861537769784173,0,Hanna2007,1.1741721454608993
3.0,99.0,35.6,0.2989897752808989,0,Hanna2007,1.464142847932178
3.0,95.0,41.6,0.33029875,0,Hanna2007,1.4053008592080227
25.0,71.0,48.0,0.35584791666666665,0,Hanna2007,0.38917804223297026
30.0,4.0,62.0,0.36731290322580645,0,Hanna2007,0.8526823246834859
31.0,5.0,85.1,0.3721559341950646,0,Hanna2007,0.8600556691116965
5.0,52.0,42.9,0.30060121212121216,1,Hanna2007,
11.0,55.0,48.6,0.32186181069958847,1,Hanna2007,0.1187652338249117
22.0,4.0,57.4,0.3398960975609756,1,Hanna2007,0.28399288878305035
10.0,2.0,17.5,0.4132662857142857,1,Hanna2007,0.06490805192521659
4.0,99.0,35.5,0.4730938028169015,0,Hanna2007,1.4606494006480748
11.0,47.0,49.4,0.47594526315789476,1,Hanna2007,0.134935521671808
38.0,61.0,59.4,0.4684972390572391,0,Hanna2007,1.3708766393771468
13.0,3.0,84.1,0.4484081807372176,1,Hanna2007,0.27090551500385857
9.0,5.0,23.6,0.4389196610169491,1,Hanna2007,0.05320534436065642
18.0,5.0,16.4,0.44717463414634145,1,Hanna2007,
4.0,2.0,25.9,0.44902301158301156,1,Hanna2007,0.11286968852431303
9.0,59.0,32.8,0.462590731707317,1,Hanna2007,0.08924430984516082
4.0,99.0,38.6,0.4755036269430051,0,Hanna2007,1.4448839683740928
24.0,98.0,50.5,0.47788,0,Hanna2007,0.3693088672931182
9.0,99.0,13.2,0.30654393939393937,0,Hanna2007,1.2650304430976302
4.0,64.0,33.7,0.4080877448071216,1,Hanna2007,0.0377903913138679
5.0,89.0,43.0,0.42968930232558133,0,Hanna2007,1.3473817209339185
12.0,94.0,49.4,0.4395789473684211,0,Hanna2007,0.310195104602593
12.0,96.0,60.4,0.44582682119205297,1,Hanna2007,0.3199355812641187
31.0,8.0,69.5,0.44229741007194245,0,Hanna2007,0.9148900837151784
44.0,9.0,78.8,0.43743878172588835,0,Hanna2007,1.442653255430788
44.0,5.0,88.5,0.43121455367231637,0,Hanna2007,1.4611454816865235
4.0,99.0,14.9,0.3071952348993289,0,Hanna2007,1.578325759827188
6.0,85.0,31.2,0.4233833333333334,1,Hanna2007,0.2873967398707566
4.0,95.0,38.0,0.4387431578947369,0,Hanna2007,1.4167072727022778
4.0,98.0,44.6,0.448299461883408,0,Hanna2007,1.4149282383558075
24.0,89.0,52.5,0.4521090476190476,1,Hanna2007,0.3633740843700719
38.0,8.0,62.6,0.44830894568690094,0,Hanna2007,1.2846110577782557
18.0,25.0,76.1,0.4452730617608411,1,Hanna2007,0.39756023556696757
15.0,81.0,86.3,0.4404350289687139,1,Hanna2007,0.31286966128055765
3.0,97.0,14.0,0.36474285714285715,0,Hanna2007,1.5711665453387085
7.0,93.0,20.7,0.42277004830917875,1,Hanna2007,1.4293519655954556
9.0,92.0,27.6,0.44762202898550724,1,Hanna2007,0.38521229025552023
3.0,96.0,34.2,0.46171438596491227,0,Hanna2007,1.447457876438889
5.0,94.0,40.6,0.4701286699507388,0,Hanna2007,1.3894625519179156
18.0,18.0,48.5,0.46708329896907214,1,Hanna2007,0.265295769962637
36.0,88.0,56.6,0.46233144876325083,0,Hanna2007,1.3659487862550184
15.0,14.0,64.1,0.45931088923556945,1,Hanna2007,0.2782334728050259
10.0,91.0,77.7,0.4532092792792792,1,Hanna2007,0.268663741473096
27.0,19.0,97.0,0.43816969072164946,0,Hanna2007,0.6497454937923802
4.0,81.0,21.0,0.368628,1,Hanna2007,0.2877124219469525
12.0,53.0,28.9,0.4100285467128028,1,Hanna2007,0.15642580990072308
4.0,99.0,38.7,0.44396175710594304,0,Hanna2007,1.4444105969333598
20.0,39.0,50.3,0.4475091053677933,1,Hanna2007,0.38989740218229546
21.0,99.0,59.7,0.4507478894472362,1,Hanna2007,0.36212591624245316
13.0,98.0,66.9,0.4496882660687593,1,Hanna2007,0.35519873514430245
11.0,100.0,77.6,0.4486232989690722,0,Hanna2007,1.1143043006906372
8.0,98.0,35.6,0.43664845505617983,1,Hanna2007,1.3631712091412795
7.0,72.0,53.5,0.4503467289719626,1,Hanna2007,
36.0,64.0,61.5,0.45403821138211387,0,Hanna2007,1.2819784858567982
7.0,97.0,82.6,0.4495277239709443,0,Hanna2007,1.2804037950986236
3.0,91.0,12.6,0.4174279365079366,1,Hanna2007,1.5332351532642503
6.0,56.0,20.1,0.4529562189054726,1,Hanna2007,0.05132857659265841
8.0,65.0,26.7,0.4729721348314607,1,Hanna2007,0.12167408402596086
5.0,97.0,35.1,0.48267629629629627,0,Hanna2007,1.4376461385947816
7.0,99.0,39.9,0.4862886215538848,1,Hanna2007,1.38340488458165
3.0,75.0,20.0,0.25532,0,Hanna2007,0.2194527645023549
15.0,15.0,35.1,0.28580222222222224,1,Hanna2007,0.10789949056570805
3.0,98.0,41.3,0.3252549636803874,0,Hanna2007,1.4292397968481834
3.0,100.0,47.4,0.352769535864979,0,Hanna2007,1.4240001913593197
5.0,99.0,57.0,0.37528126315789473,0,Hanna2007,1.3865342854571632
14.0,80.0,64.2,0.3851725856697819,1,Hanna2007,0.22619053183949697
8.0,99.0,70.8,0.39307189265536724,1,Hanna2007,1.282847808342453
9.0,99.0,77.4,0.398446976744186,0,Hanna2007,1.2288068552510043
7.0,98.0,86.8,0.40404389400921664,1,Hanna2007,1.2798443813720572
9.0,9.0,99.9,0.40266829829829826,1,Hanna2007,0.18273250496789206
7.0,98.0,109.2,0.40159523809523806,0,Hanna2007,1.238408615937729
7.0,72.0,15.0,0.2561,0,Hanna2007,0.21891457576009302
5.0,68.0,29.0,0.2669375172413793,1,Hanna2007,0.10880189146811602
6.0,92.0,36.0,0.3164893333333333,1,Hanna2007,1.3730294582819522
3.0,97.0,44.4,0.354536936936937,0,Hanna2007,1.411194911564511
12.0,85.0,52.6,0.3742764258555133,1,Hanna2007,0.21809014661366552
18.0,51.0,61.3,0.3855002610114193,1,Hanna2007,0.3503394514355413
16.0,72.0,68.2,0.39349436950146627,1,Hanna2007,0.2689605869747199
14.0,42.0,76.0,0.3968147368421053,1,Hanna2007,0.29117299269182345
13.0,74.0,85.3,0.3993941383352873,1,Hanna2007,0.2153531315935161
11.0,100.0,93.8,0.4013673773987207,0,Hanna2007,1.0949048805975603
10.0,96.0,102.6,0.40107407407407414,0,Hanna2007,1.1045422067846808
27.0,90.0,121.4,0.3951400329489292,0,Hanna2007,1.3667663896454827
4.0,97.0,15.8,0.408570253164557,0,Hanna2007,1.5581146417041853
9.0,69.0,22.9,0.4439613537117904,1,Hanna2007,0.1748822316549218
5.0,95.0,29.6,0.4623186486486487,1,Hanna2007,1.453772510525977
5.0,97.0,37.3,0.47110884718498675,0,Hanna2007,1.4259558484263781
13.0,84.0,44.9,0.47020044543429845,0,Hanna2007,0.2409836061267542
10.0,90.0,51.8,0.47080277992277997,1,Hanna2007,0.25844622599920414
12.0,67.0,65.3,0.4629055130168454,1,Hanna2007,0.13182405521327112
9.0,99.0,82.6,0.4552455205811137,0,Hanna2007,1.217490482114355
13.0,65.0,21.9,0.4845022831050229,1,Hanna2007,0.20020573512247486
8.0,75.0,45.3,0.49108203090507735,1,Hanna2007,0.11586898505935722
18.0,99.0,52.0,0.4891250000000001,1,Hanna2007,0.3411564476473784
9.0,89.0,73.1,0.4766642954856361,1,Hanna2007,0.17614568837405897
9.0,98.0,96.4,0.45469387966804975,0,Hanna2007,1.176294474214406
28.0,97.0,104.8,0.4481675572519085,0,Hanna2007,1.3298506323140105
12.0,99.0,122.7,0.4322272208638957,0,Hanna2007,1.2943157307510327
30.0,11.0,37.3,0.2522,0,Hanna2007,0.9800909737214701
14.0,34.0,66.2,0.24635,0,Hanna2007,0.2865615406738815
13.0,82.0,91.2,0.24050000000000002,0,Hanna2007,0.2941287050308483
8.0,35.0,122.0,0.23426000000000002,0,Hanna2007,0.01431196754770747
48.0,89.0,146.7,0.2288,0,Hanna2007,2.0196039873290177
5.0,65.0,30.3,0.31730854785478546,1,Hanna2007,0.07706554355868926
4.0,78.0,38.3,0.36592250652741515,0,Hanna2007,0.15254674841004426
9.0,33.0,45.2,0.3843697345132744,1,Hanna2007,0.09308114819166045
6.0,99.0,50.1,0.4061137724550898,0,Hanna2007,1.3788564800671756
10.0,98.0,56.6,0.4177216961130742,1,Hanna2007,1.223206528939944
43.0,17.0,65.4,0.42090660550458714,0,Hanna2007,1.4064716806724777
40.0,11.0,74.8,0.42528839572192517,0,Hanna2007,1.3310517607123211
50.0,4.0,82.5,0.4279915151515152,0,Hanna2007,1.6419908053423664
7.0,97.0,13.7,0.25649,0,Hanna2007,1.504490459537917
6.0,89.0,20.3,0.3469796059113301,1,Hanna2007,0.43027039769315134
6.0,89.0,27.2,0.40142948529411765,1,Hanna2007,0.39698875395617017
4.0,100.0,33.5,0.4471573134328358,0,Hanna2007,1.4795029251591139
4.0,97.0,41.5,0.4622110843373495,1,Hanna2007,1.417767639458804
5.0,99.0,49.2,0.4689702439024391,0,Hanna2007,1.4002279872144217
17.0,54.0,56.4,0.47230129432624113,1,Hanna2007,0.30196690702929657
6.0,100.0,63.9,0.4812319248826292,0,Hanna2007,1.360439326242856
9.0,99.0,70.1,0.4855308987161199,0,Hanna2007,1.2450738480599257
1.0,86.0,44.7,0.4584026845637584,0,Hanna2007,1.3178820680255687
1.0,96.0,56.4,0.48437907801418445,0,Hanna2007,1.3733228761080736
4.0,97.0,49.7,0.4040818511066398,0,Hanna2007,1.3971120290038381
5.0,98.0,64.3,0.425824401244168,0,Hanna2007,1.3692032076931322
4.0,98.0,72.3,0.4309498201936377,0,Hanna2007,1.3714140564756987
10.0,78.0,96.5,0.4324251295336788,0,Hanna2007,0.16163211244713174
1.0,93.0,39.7,0.40575128463476073,0,Hanna2007,1.3937458961554967
13.0,100.0,68.0,0.4445330882352941,0,Hanna2007,0.3983370225202462
8.0,98.0,15.0,0.2561,0,Hanna2007,1.4100039253466314
9.0,98.0,27.2,0.35217286764705885,0,Hanna2007,0.5727587828609527
9.0,71.0,39.0,0.39731833333333333,1,Hanna2007,0.13630145356676876
8.0,97.0,47.2,0.4165825211864406,0,Hanna2007,1.31756453954757
17.0,99.0,56.5,0.42390123893805315,0,Hanna2007,0.3415096187064623
9.0,100.0,69.9,0.42878054363376256,0,Hanna2007,1.253870903522105
3.0,99.0,78.6,0.42936386768447843,0,Hanna2007,1.3740177844961203
5.0,95.0,87.6,0.4274640410958905,1,Hanna2007,1.3140638371339592
12.0,99.0,18.2,0.25532,0,Hanna2007,0.4947667760581688
4.0,77.0,35.9,0.25142,0,Hanna2007,0.15887890807163216
7.0,94.0,45.2,0.28126017699115047,0,Hanna2007,1.331912761774403
7.0,68.0,52.2,0.3109370881226054,1,Hanna2007,
5.0,94.0,62.7,0.3402288676236045,0,Hanna2007,1.3468815961719773
10.0,99.0,69.6,0.35334149425287364,1,Hanna2007,1.1947765506103787
7.0,20.0,77.3,0.361542276843467,1,Hanna2007,0.11207757528781782
7.0,80.0,89.6,0.3640510714285714,1,Hanna2007,
9.0,78.0,98.0,0.3680525510204082,1,Hanna2007,0.10176452468415449
4.0,78.0,107.1,0.37075065359477133,1,Hanna2007,
14.0,82.0,7.5,0.7678736,1,Hanna2007,0.38755793398463684
5.0,98.0,14.6,0.6636446575342465,0,Hanna2007,1.5676092132717592
6.0,82.0,23.4,0.6045677777777779,1,Hanna2007,0.2766478934979044
21.0,65.0,34.3,0.565139941690962,1,Hanna2007,0.2878538547139104
15.0,81.0,45.5,0.5379805714285714,1,Hanna2007,0.24294279072311845
21.0,13.0,55.0,0.5199224727272727,1,Hanna2007,0.3233977092047604
7.0,99.0,73.9,0.49191155615696885,0,Hanna2007,1.309830245683211
6.0,65.0,24.9,0.26808610441767067,1,Hanna2007,0.10795100447655268
4.0,78.0,40.9,0.28942608801955994,0,Hanna2007,0.12373098604198314
8.0,33.0,47.4,0.3165856540084388,1,Hanna2007,0.07459588438463007
6.0,99.0,54.6,0.34236380952380946,0,Hanna2007,1.3702652132637076
10.0,98.0,61.2,0.35820905228758165,1,Hanna2007,1.2089703348147496
42.0,17.0,71.7,0.3676031938633194,0,Hanna2007,1.3808486906992055
39.0,11.0,82.0,0.37300012195121957,0,Hanna2007,1.3163156588082885
47.0,4.0,97.1,0.3714616786817714,0,Hanna2007,1.5705470157699533
2.0,51.0,16.8,0.3545378571428571,1,Hanna2007,
6.0,83.0,26.3,0.41771768060836506,1,Hanna2007,0.27737108322839454
6.0,83.0,33.4,0.436547005988024,1,Hanna2007,0.24773043613281695
5.0,94.0,40.8,0.4502193137254903,1,Hanna2007,1.3887951447787508
6.0,92.0,48.9,0.4500153374233129,0,Hanna2007,1.337248601871114
14.0,9.0,55.9,0.44874302325581394,1,Hanna2007,0.23800737056270868
45.0,5.0,64.5,0.44419790697674416,0,Hanna2007,1.467918370867616
39.0,8.0,75.1,0.4384557256990679,0,Hanna2007,1.3071976857549052
7.0,98.0,83.5,0.43767107784431136,0,Hanna2007,1.2858911520454284
3.0,51.0,16.1,0.37785751552795027,1,Hanna2007,
7.0,9.0,25.1,0.4190500796812749,1,Hanna2007,0.05056947991757853
6.0,98.0,32.9,0.4416238297872341,0,Hanna2007,1.4410850546207123
4.0,100.0,39.6,0.4530040404040404,1,Hanna2007,1.447775229151309
6.0,100.0,49.2,0.45460365853658535,1,Hanna2007,1.386943586972693
10.0,98.0,57.6,0.4575909722222222,0,Hanna2007,0.4211682692469405
13.0,97.0,64.3,0.4578822395023328,0,Hanna2007,0.3334113649360392
9.0,9.0,76.4,0.449813612565445,1,Hanna2007,0.21532325098265473
4.0,97.0,87.1,0.44489492537313435,0,Hanna2007,1.3436620282395793
7.0,97.0,16.8,0.2682952380952381,0,Hanna2007,1.4981014723730912
3.0,87.0,25.8,0.35777209302325585,1,Hanna2007,1.4179063507504224
7.0,90.0,34.2,0.399312865497076,1,Hanna2007,0.36189797961420156
7.0,96.0,42.5,0.4215181176470588,1,Hanna2007,1.3525236783077366
4.0,100.0,50.5,0.4348049504950496,0,Hanna2007,1.4145757098798755
7.0,88.0,57.6,0.4384936111111111,1,Hanna2007,0.14079264765528546
5.0,98.0,65.1,0.4415149462365592,1,Hanna2007,1.367985383224738
7.0,100.0,75.8,0.44250765171503964,0,Hanna2007,1.3131889500944132
32.0,20.0,88.0,0.43499654545454547,0,Hanna2007,1.0268741950661227
45.0,11.0,96.3,0.4293779854620976,0,Hanna2007,1.5270371464744095
5.0,95.0,8.1,0.5722728395061729,0,Hanna2007,1.5790096245216099
5.0,99.0,14.5,0.5670241379310345,0,Hanna2007,1.5759544185242218
5.0,91.0,24.0,0.5491904166666667,1,Hanna2007,1.454108051193656
3.0,78.0,33.7,0.5344890207715133,1,Hanna2007,0.1875874515095512
16.0,92.0,42.9,0.5208030303030304,1,Hanna2007,0.3145184783228947
16.0,80.0,53.6,0.5050310820895522,1,Hanna2007,0.25438269992554574
38.0,41.0,67.6,0.48675961538461543,0,Hanna2007,1.3222231501932913
40.0,20.0,77.8,0.47469383033419027,0,Hanna2007,1.3388844915538847
34.0,24.0,86.9,0.4649275719217491,0,Hanna2007,1.1919522137586047
5.0,84.0,12.5,0.4180852,1,Hanna2007,0.372903456829289
11.0,91.0,19.7,0.4563257360406092,1,Hanna2007,0.3895357257741174
6.0,97.0,26.5,0.48254528301886795,1,Hanna2007,1.4751408889842799
7.0,83.0,34.7,0.49091296829971176,1,Hanna2007,0.24031662508240048
15.0,54.0,44.3,0.4848002257336343,1,Hanna2007,0.2210240119581056
16.0,99.0,53.1,0.48166591337099807,1,Hanna2007,0.3400801070917476
13.0,95.0,61.4,0.47904364820846906,1,Hanna2007,0.305079952658673
6.0,99.0,69.7,0.47499799139167853,0,Hanna2007,1.3447780384254506
8.0,100.0,77.9,0.47029794608472403,1,Hanna2007,1.2766520832904207
3.0,89.0,15.5,0.2561,0,Hanna2007,1.4998450660146923
7.0,57.0,26.3,0.33275057034220534,1,Hanna2007,0.05541860057031013
4.0,99.0,34.1,0.3822800586510264,0,Hanna2007,1.4682916741562624
4.0,92.0,42.2,0.40372947867298575,1,Hanna2007,1.3791072644736448
15.0,35.0,53.0,0.41474905660377365,1,Hanna2007,0.2800927935006333
10.0,82.0,62.2,0.4207067524115755,1,Hanna2007,0.12496808545136849
11.0,93.0,70.1,0.42656134094151216,1,Hanna2007,0.289943429472104
13.0,58.0,79.3,0.42615081967213114,1,Hanna2007,0.1965255610086069
8.0,99.0,88.5,0.4241334463276836,1,Hanna2007,1.2485116385464965
7.0,87.0,12.5,0.3298568,0,Hanna2007,0.40280966669651663
12.0,43.0,21.1,0.4147554502369668,1,Hanna2007,0.18439571300442115
3.0,57.0,30.3,0.4416953795379538,1,Hanna2007,
5.0,95.0,38.7,0.4565922480620154,0,Hanna2007,1.4040754235219626
11.0,91.0,48.0,0.45895416666666666,1,Hanna2007,0.283410241634248
12.0,58.0,57.6,0.45676944444444445,1,Hanna2007,0.1454107785101755
10.0,93.0,66.6,0.45491801801801807,1,Hanna2007,0.2788967941732531
9.0,89.0,74.1,0.4560561403508772,1,Hanna2007,0.1781909390438313
7.0,100.0,80.6,0.45415999999999995,1,Hanna2007,1.304877438980286
34.0,7.0,91.7,0.44331814612868053,0,Hanna2007,1.1111523267079144
11.0,89.0,17.7,0.25571,0,Hanna2007,0.37759085309196405
5.0,65.0,47.0,0.3433175531914894,1,Hanna2007,
6.0,97.0,55.7,0.3740027648114901,0,Hanna2007,1.3560686655441263
31.0,34.0,66.7,0.3850752023988006,0,Hanna2007,1.0424836898012446
9.0,84.0,79.0,0.39028797468354437,1,Hanna2007,0.09261906515579049
10.0,96.0,91.0,0.39397499999999996,1,Hanna2007,1.1081518900456995
29.0,32.0,106.8,0.3937855805243446,0,Hanna2007,1.1453401122984355
8.0,18.0,33.6,0.1841412857142857,1,Hanna2007,0.03378557615857495
8.0,98.0,51.0,0.18920092941176467,0,Hanna2007,1.3157675123816193
2.0,60.0,62.6,0.1938476932907348,0,Hanna2007,
10.0,98.0,75.7,0.19370068692206074,0,Hanna2007,1.1668673336988635
5.0,98.0,88.2,0.19413085714285713,0,Hanna2007,1.3311185615155239
5.0,99.0,96.7,0.19153674353671146,0,Hanna2007,1.3236175429007118
4.0,90.0,112.9,0.18993804871567754,1,Hanna2007,1.2519129573220429
13.0,13.0,160.0,0.17326310625,1,Hanna2007,0.3058627525234697
18.0,16.0,170.7,0.1696102460456942,0,Hanna2007,0.37705112611117203
18.0,16.0,189.0,0.163345,0,Hanna2007,0.4068099579270209
6.0,76.0,13.9,0.1553962014388489,0,Hanna2007,0.2564396227393145
8.0,49.0,44.2,0.20331397058823528,1,Hanna2007,0.03876527710190325
5.0,99.0,53.2,0.204069992481203,0,Hanna2007,1.392790714207269
8.0,97.0,88.3,0.1991697757644394,0,Hanna2007,1.2323361452309132
12.0,96.0,111.2,0.192553381294964,0,Hanna2007,1.1176041307901567
9.0,80.0,120.4,0.18938257475083056,0,Hanna2007,1.1453589762260836
12.0,80.0,137.7,0.18244862745098042,0,Hanna2007,1.3509142389572095
12.0,85.0,152.2,0.17707980749014454,0,Hanna2007,1.530798310926811
40.0,47.0,162.4,0.17330725862068963,0,Hanna2007,1.849341528038165
6.0,44.0,18.7,0.114894,0,Hanna2007,
6.0,90.0,42.7,0.11996089461358314,0,Hanna2007,0.37278754768746614
6.0,97.0,55.9,0.14218430232558138,0,Hanna2007,1.3557145404320037
4.0,33.0,71.0,0.15541703239436622,1,Hanna2007,
9.0,90.0,83.7,0.16184524731182795,0,Hanna2007,0.25994858183391545
11.0,99.0,100.1,0.16425490909090912,0,Hanna2007,1.0888181195264388
11.0,91.0,111.5,0.16620191031390133,0,Hanna2007,1.0925603544802758
7.0,76.0,126.3,0.16582179334916863,1,Hanna2007,0.06992647044760135
8.0,98.0,140.4,0.164009,0,Hanna2007,1.4710558289834312
5.0,98.0,152.8,0.16286981937172773,0,Hanna2007,1.5445259880764381
13.0,74.0,165.8,0.16036437756332927,0,Hanna2007,1.6209245289359269
12.0,91.0,182.5,0.15629648547945205,0,Hanna2007,1.844802427498402
25.0,22.0,194.4,0.15349533333333332,0,Hanna2007,0.6666151908203364
7.0,93.0,27.9,0.12203225806451615,0,Hanna2007,1.395026618340156
6.0,90.0,61.2,0.17576592647058822,1,Hanna2007,0.11123511107092875
14.0,28.0,98.6,0.18211702636916832,0,Hanna2007,0.29008750759474417
14.0,98.0,114.0,0.17932087105263156,0,Hanna2007,1.1687973087266579
18.0,15.0,126.1,0.17717585567010308,0,Hanna2007,0.37199108840790074
17.0,18.0,142.9,0.17243343736878936,0,Hanna2007,0.35071550314238875
17.0,13.0,157.9,0.16793893983533878,0,Hanna2007,0.3548568888543419
10.0,75.0,174.7,0.1629311728677733,0,Hanna2007,1.67592934070635
9.0,96.0,189.5,0.15843145963060684,0,Hanna2007,1.9038377720899324
6.0,85.0,13.6,0.14361749999999998,0,Hanna2007,0.3718359417341255
13.0,99.0,28.2,0.1953381382978723,0,Hanna2007,0.43947294792993036
11.0,99.0,42.9,0.2065221818181818,0,Hanna2007,0.4212145155210451
4.0,55.0,57.0,0.208221,1,Hanna2007,
7.0,56.0,66.0,0.20657369318181817,1,Hanna2007,
16.0,50.0,81.3,0.2024523099630996,0,Hanna2007,0.3404345999576958
11.0,98.0,113.9,0.19045884547848987,0,Hanna2007,1.1753272325584505
7.0,99.0,119.9,0.1886853828190158,0,Hanna2007,1.276073345495926
10.0,88.0,132.6,0.18500382352941175,0,Hanna2007,1.3424498898313169
10.0,89.0,146.6,0.17955461664392905,0,Hanna2007,1.4903812743280351
16.0,12.0,162.4,0.1735815314039409,0,Hanna2007,0.3568738133530112
4.0,7.0,15.9,0.14957898113207546,1,Hanna2007,0.07010110585322973
6.0,99.0,31.6,0.18480001898734172,0,Hanna2007,1.4582366466687144
15.0,51.0,43.4,0.1962712741935484,0,Hanna2007,0.22661132856207988
13.0,99.0,68.7,0.19876034934497816,0,Hanna2007,0.38045609298783406
8.0,84.0,84.6,0.19674974468085107,0,Hanna2007,0.04127367984549149
7.0,68.0,114.6,0.18770863350785338,1,Hanna2007,
10.0,59.0,126.4,0.18477280537974683,1,Hanna2007,0.0408836833014945
12.0,11.0,141.2,0.18018248583569405,1,Hanna2007,0.1736562078329076
8.0,91.0,158.5,0.17408529652996843,0,Hanna2007,1.5956124001946228
13.0,98.0,172.0,0.16932811395348837,0,Hanna2007,1.7950697125443686
8.0,100.0,184.5,0.16520831219512191,0,Hanna2007,1.8556604040414952
6.0,8.0,17.0,0.114894,0,Hanna2007,0.07231158520330729
8.0,95.0,34.6,0.14707238150289015,0,Hanna2007,0.4869237616685049
8.0,65.0,53.7,0.17352276536312847,0,Hanna2007,0.012361345267533005
14.0,14.0,63.7,0.178381193877551,0,Hanna2007,0.26398117399377846
15.0,23.0,77.0,0.17741880000000002,0,Hanna2007,0.3161323089738134
6.0,98.0,96.4,0.17637385892116178,0,Hanna2007,1.2913327771429173
8.0,97.0,105.9,0.1771429716713881,0,Hanna2007,1.197769876458277
10.0,29.0,119.7,0.1760106165413534,1,Hanna2007,0.11521853322466045
18.0,6.0,140.6,0.17177780227596018,0,Hanna2007,0.3588360256613392
20.0,14.0,149.3,0.16937054789015404,0,Hanna2007,0.36262981291446755
18.0,6.0,176.2,0.16170462429057886,0,Hanna2007,0.3853358047179984
15.0,90.0,201.6,0.15421157142857142,0,Hanna2007,2.0767478107329334
13.0,43.0,20.5,0.114894,0,Hanna2007,0.20520502995431164
7.0,73.0,45.2,0.12423691592920354,0,Hanna2007,0.08097481284631189
9.0,54.0,58.3,0.1446049759862779,0,Hanna2007,0.0418578952101775
10.0,94.0,75.0,0.155673804,0,Hanna2007,0.33399464909548066
9.0,98.0,86.5,0.1622769710982659,0,Hanna2007,1.1995186114548875
3.0,99.0,100.3,0.16615493120638083,0,Hanna2007,1.3464815077217003
8.0,98.0,112.7,0.16724604968944096,0,Hanna2007,1.2132983275269105
7.0,64.0,125.9,0.16757234392374898,1,Hanna2007,
11.0,17.0,140.6,0.16517720483641535,1,Hanna2007,0.13441006898028396
14.0,17.0,156.6,0.16228901149425287,0,Hanna2007,0.310854108190506
30.0,20.0,172.0,0.15880627674418604,0,Hanna2007,1.6511542382763107
16.0,14.0,193.3,0.15319851681324367,0,Hanna2007,0.39237299961017263
13.0,10.0,209.2,0.14932600382409178,0,Hanna2007,0.38290500264656824
12.0,96.0,25.9,0.19734060231660233,0,Hanna2007,0.41741232071406903
7.0,96.0,37.0,0.20829509999999998,0,Hanna2007,1.3731053205626822
6.0,98.0,62.7,0.20889444976076554,0,Hanna2007,1.3501859306031845
13.0,99.0,78.2,0.20337173401534522,0,Hanna2007,0.4679121227984813
14.0,97.0,89.9,0.2007333470522803,0,Hanna2007,0.847175305549661
15.0,13.0,103.2,0.19696734593023252,1,Hanna2007,0.2873286429771227
12.0,91.0,133.8,0.184501130044843,0,Hanna2007,1.3704125935204607
14.0,91.0,164.4,0.1727218193430657,0,Hanna2007,1.6933308704587842
13.0,60.0,178.2,0.16768319191919193,0,Hanna2007,0.5358473154499603
4.0,99.0,59.3,0.1495613170320405,1,Hanna2007,1.3950288526901553
6.0,54.0,73.0,0.16125581095890412,1,Hanna2007,
14.0,9.0,86.4,0.16608854166666667,1,Hanna2007,0.27609969518848776
7.0,96.0,104.3,0.16650120805369129,0,Hanna2007,1.2282612425826265
15.0,34.0,116.6,0.16751640566037737,0,Hanna2007,0.30188423097538036
25.0,7.0,147.6,0.16363734146341463,0,Hanna2007,0.39227495958124137
26.0,20.0,166.5,0.1596918594594595,0,Hanna2007,0.540005249321842
17.0,10.0,184.1,0.1555850874524715,0,Hanna2007,0.39565425811849386
21.0,6.0,203.3,0.1511469075258239,0,Hanna2007,0.4030486443905086
10.0,29.0,220.2,0.14712500272479562,0,Hanna2007,0.37862089415220557
7.0,59.0,25.7,0.16024356420233463,1,Hanna2007,0.06950933390585486
10.0,17.0,40.0,0.1834252875,1,Hanna2007,0.10522283063765422
9.0,61.0,53.4,0.18908251685393254,1,Hanna2007,0.04483921856519891
10.0,15.0,68.1,0.19130960352422907,1,Hanna2007,0.20893156003719238
16.0,15.0,83.9,0.1877292193087008,1,Hanna2007,0.32296102495270507
13.0,98.0,101.6,0.18359061909448818,0,Hanna2007,1.0065341346337475
20.0,20.0,113.1,0.1826383448275862,0,Hanna2007,0.3853677771505707
25.0,7.0,129.3,0.17847051508120648,0,Hanna2007,0.4117328127191472
19.0,18.0,146.6,0.1727894467939973,0,Hanna2007,0.36465700630412595
24.0,18.0,163.8,0.16785999999999995,0,Hanna2007,0.4231666464316577
21.0,10.0,181.4,0.16242928114663724,0,Hanna2007,0.40221679878915895
16.0,98.0,201.0,0.15656043582089552,0,Hanna2007,2.1130376604771977
7.0,85.0,17.7,0.114894,0,Hanna2007,0.3417763732758492
6.0,30.0,38.6,0.12631453367875647,1,Hanna2007,0.004500093357252607
5.0,90.0,51.8,0.1489938532818533,1,Hanna2007,1.3386036528376337
6.0,99.0,74.1,0.16759515789473686,1,Hanna2007,1.3375866594422354
7.0,94.0,92.6,0.17141687688984883,1,Hanna2007,1.2376920454159435
18.0,23.0,103.9,0.1724643623676612,0,Hanna2007,0.36488777814845286
13.0,31.0,120.6,0.17070494029850747,0,Hanna2007,0.23348433320586892
11.0,94.0,134.1,0.16863530201342283,0,Hanna2007,1.3894253610318559
18.0,67.0,149.7,0.16557367935871745,0,Hanna2007,1.4184615342093396
11.0,30.0,164.3,0.16209798113207544,0,Hanna2007,0.2586407219219753
18.0,20.0,179.9,0.1582216559199555,0,Hanna2007,0.3982832230978274
43.0,29.0,195.3,0.1540249585253456,0,Hanna2007,2.1729398746474957
25.0,81.0,16.4,0.114894,0,Hanna2007,0.48232207538919064
5.0,99.0,35.1,0.12805266666666665,0,Hanna2007,1.4537019351305576
6.0,19.0,45.7,0.15448813129102845,1,Hanna2007,0.0839267938760249
7.0,99.0,61.8,0.16610838349514562,0,Hanna2007,1.3312015395066417
7.0,99.0,73.1,0.17303579753761972,0,Hanna2007,1.3112309654386118
7.0,99.0,86.4,0.17643004166666665,0,Hanna2007,1.2877042743424216
6.0,99.0,97.8,0.17762837116564417,0,Hanna2007,1.295717690774852
8.0,66.0,110.0,0.17778820090909087,1,Hanna2007,
21.0,10.0,122.8,0.17551848371335504,0,Hanna2007,0.39111708134115647
19.0,8.0,139.8,0.17085280686695276,0,Hanna2007,0.3648111375222431
16.0,7.0,155.3,0.16630212749517065,0,Hanna2007,0.3476469849494341
8.0,82.0,166.8,0.1629063669064748,0,Hanna2007,1.615205780751282
10.0,97.0,185.9,0.15760095104895103,0,Hanna2007,1.8801285251368693
13.0,80.0,33.2,0.3627790180722891,1,Hanna2007,0.2523775712292047
8.0,80.0,47.1,0.38622304458598733,1,Hanna2007,0.1456503219504998
13.0,90.0,58.5,0.39500662222222227,1,Hanna2007,0.25842467557548476
15.0,90.0,77.1,0.3943542412451363,1,Hanna2007,0.3218543986618692
15.0,82.0,98.7,0.38678298074974676,1,Hanna2007,0.4013655656352641
16.0,90.0,119.3,0.37810668901927924,1,Hanna2007,1.1995708935748537
18.0,95.0,129.3,0.3734764168600155,0,Hanna2007,1.3430145348875229
17.0,88.0,146.1,0.3643924558521561,1,Hanna2007,1.4891097039352967
21.0,78.0,160.1,0.3567136664584635,0,Hanna2007,1.6042916749678964
30.0,43.0,34.8,0.2767067183908047,0,Hanna2007,1.127555023791869
15.0,10.0,59.6,0.33180554362416104,1,Hanna2007,0.25864772213991777
20.0,32.0,96.4,0.34952242323651456,1,Hanna2007,0.4299704977881083
13.0,57.0,128.6,0.34478799144634525,1,Hanna2007,0.18899261079796292
18.0,38.0,143.9,0.3447078102849201,1,Hanna2007,0.34424715238953346
21.0,19.0,166.3,0.3387990426939266,1,Hanna2007,0.3833194950955421
33.0,58.0,177.2,0.3351500067720091,0,Hanna2007,1.8155441389914688
62.0,11.0,195.3,0.32824668509984645,0,Hanna2007,3.011069464845233
49.0,26.0,210.5,0.3220835410926366,0,Hanna2007,2.4513912283748684
41.0,22.0,24.8,0.24255400000000002,0,Hanna2007,1.380657153142074
10.0,42.0,67.6,0.23143900000000003,0,Hanna2007,0.11918333611539121
9.0,25.0,89.0,0.24527488539325845,1,Hanna2007,0.13650912455077815
23.0,19.0,103.5,0.2663046608695652,1,Hanna2007,0.41403922258681025
14.0,43.0,123.8,0.27899188691437804,1,Hanna2007,0.2341166935578675
18.0,55.0,138.6,0.2861906666666667,0,Hanna2007,0.6931332443730286
13.0,85.0,155.2,0.29064467719072173,0,Hanna2007,1.5643181686669436
17.0,80.0,169.9,0.29195254620364924,0,Hanna2007,1.7088618721462758
18.0,97.0,186.1,0.2913984159054272,0,Hanna2007,1.9639834238490552
31.0,80.0,217.0,0.28576021889400927,0,Hanna2007,2.1906960785024334
38.0,29.0,232.0,0.2814582034482759,0,Hanna2007,2.409308221846245
27.0,13.0,21.5,0.24255400000000002,0,Hanna2007,0.974619763963349
15.0,30.0,51.5,0.33513487572815537,1,Hanna2007,0.26475493924456134
14.0,30.0,73.0,0.35556597397260276,1,Hanna2007,0.29233916050300995
22.0,6.0,88.3,0.35980431257078144,1,Hanna2007,0.35531872097338335
5.0,73.0,122.7,0.35464932355338225,0,Hanna2007,
4.0,97.0,129.0,0.353320288372093,0,Hanna2007,1.3457385242205933
16.0,98.0,139.3,0.35067066977745875,0,Hanna2007,1.4648926947462788
14.0,96.0,152.7,0.34689152324819916,0,Hanna2007,1.5938423956577425
18.0,98.0,168.9,0.3405286193013618,0,Hanna2007,1.7833051994462865
18.0,99.0,182.2,0.33496128210757414,0,Hanna2007,1.929956738298748
28.0,36.0,198.3,0.32704219969742815,0,Hanna2007,1.8770839209275805
63.0,16.0,209.2,0.3212064980879541,0,Hanna2007,3.177180877642035
6.0,94.0,95.5,0.34029099476439795,0,Hanna2007,1.2639625320926062
63.0,67.0,111.7,0.34433878603401974,0,Hanna2007,2.554761880406268
14.0,75.0,146.4,0.33964187158469955,0,Hanna2007,1.417751704347622
36.0,35.0,176.2,0.33012853688989785,0,Hanna2007,1.8419671058712075
30.0,91.0,191.8,0.3237524812304484,0,Hanna2007,2.0238737681294405
33.0,49.0,210.1,0.31539584007615423,0,Hanna2007,2.0995452023975134
4.0,98.0,23.2,0.5424621788793104,1,Hanna2007,1.5232114454827628
14.0,51.0,36.7,0.6427932534059946,0,Hanna2007,0.19220199077565264
8.0,32.0,46.7,0.6702027933618845,1,Hanna2007,0.0755808678644441
21.0,46.0,56.3,0.6853841758436946,1,Hanna2007,0.4243290014686399
16.0,15.0,64.5,0.6987492844961242,1,Hanna2007,0.2968777695676401
18.0,29.0,90.0,0.6878345066666668,1,Hanna2007,0.40153238587646223
23.0,33.0,118.0,0.6654085694915255,0,Hanna2007,0.692519339113942
36.0,32.0,129.7,0.6534494502698536,0,Hanna2007,1.521099094063671
28.0,35.0,141.4,0.6414828762376238,1,Hanna2007,1.420510972580556
58.0,32.0,153.4,0.6289497245762713,0,Hanna2007,2.5186364353736135
10.0,58.0,25.4,0.6269999803149608,0,Hanna2007,0.11914426266402584
11.0,55.0,81.3,0.6909247675276754,1,Hanna2007,0.10482866384219561
21.0,52.0,113.8,0.6693439828646749,1,Hanna2007,0.46578055882103486
24.0,9.0,135.9,0.6500810084621045,1,Hanna2007,0.3957419150960406
24.0,15.0,147.6,0.6382004654471546,1,Hanna2007,0.3970065977236238
19.0,34.0,159.4,0.6265621010037641,1,Hanna2007,0.36583880756630316
13.0,54.0,67.2,0.7235761212797619,0,Hanna2007,0.20351629032119806
15.0,51.0,95.4,0.700554247379455,1,Hanna2007,0.31129917898346104
20.0,16.0,145.6,0.6481663750000002,1,Hanna2007,0.368740365154326
20.0,21.0,157.5,0.6352086866666667,1,Hanna2007,0.36877329511642354
15.0,19.0,169.0,0.6230752615384616,1,Hanna2007,0.3590296092253197
30.0,10.0,180.5,0.6109461814404433,0,Hanna2007,1.7420347798590603
28.0,13.0,192.4,0.5984154797297297,0,Hanna2007,1.8288971976583013
18.0,5.0,204.4,0.5855088698630138,1,Hanna2007,0.3824364429022373
32.0,10.0,216.6,0.57276734810711,0,Hanna2007,2.142011826250974
18.0,19.0,54.0,0.5764681240740741,1,Hanna2007,0.3020526910847278
19.0,15.0,104.1,0.620412630643612,1,Hanna2007,0.35308882211801096
8.0,13.0,12.1,0.43027400000000005,0,Hanna2007,0.06516157951751371
8.0,10.0,28.9,0.42374150000000005,0,Hanna2007,0.04134494949183731
1.0,13.0,43.1,0.41720900000000005,0,Hanna2007,0.05664488167378517
4.0,31.0,56.9,0.42511152636203875,1,Hanna2007,
21.0,10.0,71.9,0.48920884005563287,1,Hanna2007,0.37307358127313806
14.0,36.0,83.7,0.5153385448028676,1,Hanna2007,0.2988077538010937
18.0,26.0,96.0,0.5317128375000001,1,Hanna2007,0.3836837615626968
22.0,33.0,107.9,0.5415739156626507,1,Hanna2007,0.4724064172389994
41.0,27.0,120.0,0.5471469575,0,Hanna2007,1.5836600455632943
22.0,26.0,132.5,0.5492660758490567,1,Hanna2007,0.4304504419192032
24.0,8.0,145.3,0.5481173626978666,1,Hanna2007,0.38299275934497196
21.0,9.0,157.8,0.5461065126742711,1,Hanna2007,0.36028563577303413
25.0,67.0,169.2,0.5435168693853429,0,Hanna2007,1.69409503297396
22.0,52.0,180.6,0.540107292912514,0,Hanna2007,0.9818164818394651
15.0,53.0,192.0,0.5354780979166668,1,Hanna2007,0.4202981832534442
14.0,23.0,13.1,0.43027400000000005,0,Hanna2007,0.12867072493873707
16.0,19.0,46.5,0.6509001731182796,1,Hanna2007,0.2246566357775758
23.0,14.0,80.1,0.667421963795256,1,Hanna2007,0.4315519809618301
11.0,10.0,91.5,0.6636053808743171,1,Hanna2007,0.22798457291679664
15.0,23.0,112.8,0.6550325385638299,1,Hanna2007,0.3131774627496182
17.0,18.0,123.9,0.6474236497175142,1,Hanna2007,0.35736049304802686
25.0,18.0,178.1,0.6026307664233578,1,Hanna2007,0.4942548099027248
12.0,17.0,202.4,0.5786678278162055,1,Hanna2007,0.3671438357637267
26.0,26.0,213.5,0.5681127077283372,0,Hanna2007,2.026864127641753
28.0,17.0,224.7,0.557131254339119,0,Hanna2007,2.1820971695922182
11.0,49.0,19.3,0.42766100000000007,0,Hanna2007,0.16221064520357575
18.0,20.0,58.7,0.45195403577512777,1,Hanna2007,0.32946281748781614
16.0,50.0,83.2,0.5194756015625001,1,Hanna2007,0.3416414953262744
16.0,40.0,99.2,0.5419727258064517,1,Hanna2007,0.35094090313359055
15.0,72.0,116.9,0.5555415329341318,0,Hanna2007,0.9673127994497925
13.0,65.0,132.3,0.5601336481481481,1,Hanna2007,0.3508502135227255
27.0,27.0,149.6,0.5606247393048128,0,Hanna2007,0.667283734690245
30.0,20.0,165.1,0.5568027086614173,0,Hanna2007,1.5837149023074404
35.0,49.0,183.1,0.5494012075368652,0,Hanna2007,1.8978055246692438
24.0,45.0,233.7,0.5174019525032093,0,Hanna2007,2.276788658202638
3.0,65.0,14.8,0.6270434932432433,1,Hanna2007,0.13987485104523886
8.0,61.0,41.6,0.7305303125000001,1,Hanna2007,0.0598389773715462
9.0,75.0,63.4,0.7237281876971611,0,Hanna2007,0.03249762469120895
25.0,45.0,83.0,0.7064216641566265,1,Hanna2007,0.6438923823732507
21.0,44.0,97.7,0.6929611811668372,1,Hanna2007,0.45802754162405784
24.0,51.0,113.4,0.6782106018518519,0,Hanna2007,0.8141225809964685
27.0,58.0,131.4,0.6609156617199392,0,Hanna2007,1.3804654204401792
17.0,77.0,146.3,0.6464975174299386,0,Hanna2007,1.4334786617929847
38.0,29.0,164.4,0.6279692779805354,0,Hanna2007,1.7870447165962307
13.0,72.0,180.1,0.61157088478623,0,Hanna2007,1.7514446128748118
13.0,76.0,197.7,0.5933935318664644,0,Hanna2007,1.954816377256863
11.0,82.0,213.3,0.5768314899203,0,Hanna2007,2.132899677455492
27.0,36.0,20.4,0.42766100000000007,0,Hanna2007,1.14247893434533
14.0,69.0,46.7,0.6182132323340471,1,Hanna2007,0.18773222985231933
16.0,22.0,66.2,0.656479410120846,1,Hanna2007,0.32144544436492806
19.0,70.0,82.2,0.6573676472019465,1,Hanna2007,0.3777650935722777
28.0,71.0,100.5,0.6510868000000001,0,Hanna2007,1.2068383456364618
21.0,71.0,116.6,0.6418818066037737,1,Hanna2007,0.7924721265426801
18.0,74.0,150.6,0.6178339601593626,0,Hanna2007,1.4675585776555853
23.0,40.0,167.8,0.6043416370679381,0,Hanna2007,0.47399929537458335
37.0,35.0,183.5,0.5903581040871935,0,Hanna2007,1.9299479164405113
16.0,67.0,202.0,0.573492486881188,0,Hanna2007,2.0013159194188233
17.0,67.0,217.2,0.5593359889502764,0,Hanna2007,2.1809887511659003
1.5048326754489283,75.0,62.76256,0.050179593749999994,1,Hwang2021,
7.524163377244641,33.0,62.76256,0.15723093749999995,1,Hwang2021,0.07151542360028633
1.5048326754489283,26.0,62.76256,0.03193246875,1,Hwang2021,
7.524163377244641,65.0,62.76256,0.130473890625,1,Hwang2021,
3.4726907894975265,24.0,62.76256,0.0763693125,1,Hwang2021,0.0028632463802162594
2.142298647330311,0.6,20.593965,2.109714285714286,1,Hwang2021,0.10671898753108766
8.095800391599594,0.6,72.56921,5.667437837837839,1,Hwang2021,0.2607584659948609
2.0562910517983903,0.6,17.65197,3.3511111111111114,1,Hwang2021,0.09801478671807541
2.0562910517983903,0.6,17.65197,3.7844444444444445,1,Hwang2021,0.09801478671311069
2.9702584181085103,36.0,74.53053999999999,0.03497615789473685,1,Hwang2021,
5.170449838929629,53.0,74.53053999999999,0.052464236842105265,1,Hwang2021,
8.470736970161306,52.0,74.53053999999999,0.07775778947368421,1,Hwang2021,0.004748915376444091
9.570832680571865,60.0,74.53053999999999,0.08672984210526317,1,Hwang2021,0.020622853098249943
2.9702584181085103,7.0,74.53053999999999,0.03335355263157896,1,Hwang2021,0.11797619236578709
4.07035412851907,21.0,74.53053999999999,0.04218243421052633,1,Hwang2021,0.025730773609163527
4.07035412851907,30.0,74.53053999999999,0.04386336842105263,1,Hwang2021,
2.9702584181085103,9.0,74.53053999999999,0.033947447368421056,1,Hwang2021,0.09700556709003993
6.270545549340189,33.0,74.53053999999999,0.06686618421052633,1,Hwang2021,0.021932390150992066
8.470736970161306,42.0,74.53053999999999,0.08744039473684212,1,Hwang2021,0.05594323805693374
5.170449838929629,54.0,74.53053999999999,0.05297328947368423,1,Hwang2021,
2.9702584181085103,5.0,74.53053999999999,0.028475131578947377,1,Hwang2021,0.13970506020187315
2.9702584181085103,46.0,74.53053999999999,0.06279376315789474,1,Hwang2021,
2.9702584181085103,12.0,74.53053999999999,0.032372565789473694,1,Hwang2021,0.06814977113123055
9.570832680571865,4.0,74.53053999999999,0.0834846315789474,1,Hwang2021,0.24980907272740283
3.080267989149566,80.0,74.53053999999999,0.049080986842105274,1,Hwang2021,
4.180363699560125,24.0,74.53053999999999,0.06334100328947369,1,Hwang2021,0.008539971076488207
8.580746541202362,25.0,74.53053999999999,0.10015879934210527,1,Hwang2021,0.13468882309433677
1.9801722787390068,68.0,74.53053999999999,0.04517200657894738,1,Hwang2021,
5.2804594099706845,79.0,74.53053999999999,0.0849038980263158,1,Hwang2021,
1.9801722787390068,65.0,74.53053999999999,0.03969661184210527,1,Hwang2021,
9.680842251612923,31.0,74.53053999999999,0.13053453947368426,1,Hwang2021,0.14549461883332107
4.180363699560125,69.0,74.53053999999999,0.06396192434210528,1,Hwang2021,
5.2804594099706845,76.0,74.53053999999999,0.0770153782894737,1,Hwang2021,
1.9801722787390068,73.0,74.53053999999999,0.040430427631578954,1,Hwang2021,
8.030698685997082,28.0,74.53053999999999,0.1534365625,1,Hwang2021,0.10482810522217148
5.830507265175964,16.0,74.53053999999999,0.23837210526315797,1,Hwang2021,0.10785810077007528
9.130794396407643,38.0,74.53053999999999,0.3599289473684211,1,Hwang2021,0.09933338996697692
3.52030627331379,83.0,74.53053999999999,0.17701894736842108,1,Hwang2021,
4.730411554765404,11.0,74.53053999999999,0.23535473684210528,1,Hwang2021,0.11850722971097133
21.231847210923796,0.0,74.53053999999999,0.8270103947368423,1,Hwang2021,0.3225300373412254
3.080267989149566,29.0,74.53053999999999,0.11063684210526316,1,Hwang2021,
4.730411554765404,13.0,74.53053999999999,0.16017197368421057,1,Hwang2021,0.1023417326961833
6.380555120381244,34.0,74.53053999999999,0.23422322368421053,1,Hwang2021,0.0203409130805126
9.680842251612923,41.0,74.53053999999999,0.3329342763157895,1,Hwang2021,0.10799981196056642
1.9801722787390068,23.0,74.53053999999999,0.10977473684210529,1,Hwang2021,
1.9801722787390068,0.0,74.53053999999999,0.10115368421052634,1,Hwang2021,0.19345195847478178
3.080267989149566,18.0,74.53053999999999,0.14285802631578948,1,Hwang2021,0.020309599415972563
4.730411554765404,29.0,74.53053999999999,0.18556815789473688,1,Hwang2021,
8.030698685997082,16.0,74.53053999999999,0.3054187500000001,1,Hwang2021,0.16183358970011824
1.9801722787390068,77.0,74.53053999999999,0.10977473684210529,1,Hwang2021,
6.380555120381244,23.0,74.53053999999999,0.22227947368421058,1,Hwang2021,0.08017452860208926
3.080267989149566,30.0,74.53053999999999,0.17770144736842106,1,Hwang2021,
2.0901818497800626,56.0,74.53053999999999,0.11149894736842107,1,Hwang2021,
7.480650830791803,17.0,74.53053999999999,0.26337315789473686,1,Hwang2021,0.14332249423057228
3.6303158443548456,80.0,74.53053999999999,0.19210578947368423,1,Hwang2021,
12.981129382844601,18.0,74.53053999999999,0.39123414473684226,1,Hwang2021,0.26091524412548206
14.63127294846044,18.0,74.53053999999999,0.49140000000000006,1,Hwang2021,0.2952994352224187
9.680842251612923,0.0,74.53053999999999,0.24376026315789479,1,Hwang2021,0.2726018869204521
6.380555120381244,0.0,74.53053999999999,0.6654802631578949,1,Hwang2021,0.24758647054449306
8.030698685997082,59.0,74.53053999999999,2.009526315789474,1,Hwang2021,
5.390468981011741,41.0,74.53053999999999,1.6971842105263162,1,Hwang2021,
3.080267989149566,34.0,74.53053999999999,1.4554013157894738,1,Hwang2021,
2.2001914208211186,34.0,74.53053999999999,1.4390657894736845,1,Hwang2021,
4.730411554765404,61.0,74.53053999999999,1.6275657894736846,1,Hwang2021,
16.28141651407628,55.0,74.53053999999999,1.3082105263157897,1,Hwang2021,0.32127722358311145
12.981129382844601,41.0,74.53053999999999,0.9072631578947369,1,Hwang2021,0.24807113350916005
21.231847210923796,17.0,74.53053999999999,1.6746907894736844,1,Hwang2021,0.4216301035799234
1.9801722787390068,27.0,74.53053999999999,0.28600000000000003,1,Hwang2021,
16.28141651407628,49.0,74.53053999999999,1.2483421052631583,1,Hwang2021,0.34530935394526174
3.9603445574780136,63.0,74.53053999999999,0.17548563157894737,1,Hwang2021,
5.610488123093852,22.0,74.53053999999999,0.22373136842105265,1,Hwang2021,0.06358416853755246
2.5302201339442862,63.0,74.53053999999999,0.14107668421052633,1,Hwang2021,
4.620401983724349,26.0,74.53053999999999,0.1740946315789474,1,Hwang2021,0.008967755294413031
4.620401983724349,25.0,74.53053999999999,0.18033582894736844,1,Hwang2021,0.015291284189255532
4.730411554765404,57.0,74.53053999999999,0.1963140263157895,1,Hwang2021,
8.030698685997082,17.0,74.53053999999999,0.30968052631578946,1,Hwang2021,0.1567721628676884
3.300287131231678,61.0,74.53053999999999,0.17204473684210528,1,Hwang2021,
2.7502392760263983,42.0,74.53053999999999,0.15784189473684215,1,Hwang2021,
5.0604402678885725,28.0,74.53053999999999,0.18844389473684212,1,Hwang2021,0.010446390877564144
5.2804594099706845,20.0,74.53053999999999,0.2754729078947369,1,Hwang2021,0.06681572066659032
6.270545549340189,18.0,74.53053999999999,0.3145124210526316,1,Hwang2021,0.10650300264706573
13.971215522214102,44.0,74.53053999999999,0.5072391315789475,1,Hwang2021,0.28504072212865267
5.610488123093852,82.0,74.53053999999999,0.350550302631579,1,Hwang2021,
3.6303158443548456,97.0,74.53053999999999,0.18284328947368428,1,Hwang2021,1.3649438645071297
5.2804594099706845,14.0,74.53053999999999,0.2115784210526316,1,Hwang2021,0.10809424884359173
2.9702584181085103,14.0,74.53053999999999,0.12376239473684213,1,Hwang2021,0.05032301154325799
6.270545549340189,15.0,74.53053999999999,0.22534200000000004,1,Hwang2021,0.1254062862167638
2.9702584181085103,22.0,74.53053999999999,0.09993236842105264,1,Hwang2021,
7.920689114956027,21.0,74.53053999999999,0.37595435526315796,1,Hwang2021,0.13428494009784095
2.9702584181085103,24.0,74.53053999999999,0.17268532894736843,1,Hwang2021,
8.470736970161306,55.0,74.53053999999999,0.28815663157894744,1,Hwang2021,
6.270545549340189,35.0,74.53053999999999,0.27871247368421054,1,Hwang2021,0.01116607852882118
4.07035412851907,30.0,74.53053999999999,0.15557236842105265,1,Hwang2021,
6.270545549340189,30.0,74.53053999999999,0.2115784210526316,1,Hwang2021,0.03810886467255715
3.410296702272734,63.0,74.53053999999999,0.16929934210526318,1,Hwang2021,
6.710583833504411,61.0,74.53053999999999,0.25226517105263163,1,Hwang2021,
1.650143565615839,42.0,74.53053999999999,0.09290415789473686,1,Hwang2021,
4.730411554765404,62.0,74.53053999999999,0.1887733421052632,1,Hwang2021,
5.556305263196042,88.0,62.76256,0.13362070312499996,1,Hwang2021,0.018553312149731344
9.607777850943158,84.0,62.76256,0.24980353125,1,Hwang2021,0.13034101515971036
3.4726907894975265,52.0,62.76256,0.11295801562499998,1,Hwang2021,
2.1074947267682185,0.6,15.69064,0.8112,1,Hwang2021,0.09338670487130779
3.2411780701976913,67.0,62.76256,0.08399442187499999,1,Hwang2021,
2.081139459107147,0.6,16.671305,4.727717647058824,1,Hwang2021,0.09568580378456813
3.9199262822002603,0.6,30.400615,2.463793548387098,1,Hwang2021,0.14481293891548846
2.2144672865521122,0.5,17.65197,4.6488000000000005,1,Hwang2021,0.10044314105568389
3.9199262822002603,0.5,30.400615,4.094245161290323,1,Hwang2021,0.14595596344191178
3.2411780701976913,9.0,62.76256,0.107165296875,1,Hwang2021,0.12442358133580227
3.190277560190622,24.0,74.53053999999999,0.22371503289473688,1,Hwang2021,
4.730411554765404,24.0,74.53053999999999,0.2765931315789474,1,Hwang2021,0.024994823983848877
8.580746541202362,16.0,74.53053999999999,0.1355089638157895,1,Hwang2021,0.17450980991760257
8.580746541202362,11.0,74.53053999999999,0.11840541118421055,1,Hwang2021,0.19911988537196768
10.780937962023483,9.0,74.53053999999999,0.13914276315789476,1,Hwang2021,0.2423476735900684
5.720497694134909,16.0,74.53053999999999,0.09438,1,Hwang2021,0.10505700634305219
4.180363699560125,11.0,74.53053999999999,0.0732404605263158,1,Hwang2021,0.10701594625362026
8.580746541202362,14.0,74.53053999999999,0.1171847368421053,1,Hwang2021,0.18405360133251447
11.000957104105593,45.0,74.53053999999999,0.14529552631578949,1,Hwang2021,0.14803689173955864
5.720497694134909,15.0,74.53053999999999,0.10401838815789476,1,Hwang2021,0.1118476015870203
8.580746541202362,18.0,74.53053999999999,0.13514205592105263,1,Hwang2021,0.16528672908245254
5.720497694134909,15.0,74.53053999999999,0.08989243421052633,1,Hwang2021,0.11184760161774636
4.180363699560125,27.0,74.53053999999999,0.07319812500000002,1,Hwang2021,
8.580746541202362,13.0,74.53053999999999,0.1348386513157895,1,Hwang2021,0.18896664535364843
4.620401983724349,16.0,74.53053999999999,0.09137417763157896,1,Hwang2021,0.07671275765092819
5.720497694134909,11.0,74.53053999999999,0.10401838815789476,1,Hwang2021,0.14061916137574804
4.180363699560125,19.0,74.53053999999999,0.061033717105263174,1,Hwang2021,0.04300729867290785
4.180363699560125,28.0,74.53053999999999,0.05430942434210528,1,Hwang2021,
8.580746541202362,19.0,74.53053999999999,0.1263009868421053,1,Hwang2021,0.1607759247966149
4.180363699560125,36.0,74.53053999999999,0.08093141447368422,1,Hwang2021,
5.720497694134909,35.0,74.53053999999999,0.09598875000000001,1,Hwang2021,
5.720497694134909,9.0,74.53053999999999,0.10356680921052633,1,Hwang2021,0.1561843355595224
8.580746541202362,17.0,74.53053999999999,0.13514205592105263,1,Hwang2021,0.1698621767802095
4.180363699560125,9.0,74.53053999999999,0.08732407894736845,1,Hwang2021,0.12385287375101751
8.030698685997082,22.0,74.53053999999999,0.11814434210526317,1,Hwang2021,0.13251988003406276
8.030698685997082,13.0,74.53053999999999,0.12456523026315793,1,Hwang2021,0.17759091774873775
11.330985817228761,13.0,74.53053999999999,0.16052220394736846,1,Hwang2021,0.23872438049361572
11.991043243475097,13.0,74.53053999999999,0.1523373355263158,1,Hwang2021,0.24899506645864874
9.680842251612923,13.0,74.53053999999999,0.1272605921052632,1,Hwang2021,0.2103320370869917
12.981129382844601,12.0,74.53053999999999,0.14117486842105267,1,Hwang2021,0.2644357567409825
6.380555120381244,40.0,74.53053999999999,0.10442763157894741,1,Hwang2021,
9.680842251612923,42.0,74.53053999999999,0.13009001644736845,1,Hwang2021,0.10381531142794614
6.380555120381244,30.0,74.53053999999999,0.11275361842105264,1,Hwang2021,0.04171987861449992
8.030698685997082,30.0,74.53053999999999,0.1292291940789474,1,Hwang2021,0.09573271315072886
9.680842251612923,44.0,74.53053999999999,0.13098611842105265,1,Hwang2021,0.0951522380818784
16.391426085117335,51.0,74.53053999999999,0.5111052631578948,1,Hwang2021,0.34066749156226356
4.730411554765404,69.0,74.53053999999999,0.25235822368421057,1,Hwang2021,
16.28141651407628,54.0,74.53053999999999,0.5216894013157894,1,Hwang2021,0.3254776893649008
2.9702584181085103,55.0,74.53053999999999,0.11498328947368425,1,Hwang2021,
1.8701627076979508,54.0,74.53053999999999,0.08489684210526317,1,Hwang2021,
2.9702584181085103,15.0,74.53053999999999,0.10183105263157896,1,Hwang2021,0.04176576067122305
6.270545549340189,47.0,74.53053999999999,0.17978486842105265,1,Hwang2021,
1.8701627076979508,25.0,74.53053999999999,0.08486861842105264,1,Hwang2021,
19.4716940742669,51.0,74.53053999999999,0.8663116184210529,1,Hwang2021,0.41405440858158243
21.121837639882738,56.0,74.53053999999999,0.9584896578947371,1,Hwang2021,0.4384614890851794
1.3201148524926711,55.0,74.53053999999999,0.1611091282894737,1,Hwang2021,
4.07035412851907,20.0,74.53053999999999,0.37073656578947384,1,Hwang2021,0.03278280610718508
1.3201148524926711,65.0,74.53053999999999,0.10472936842105265,1,Hwang2021,
2.7502392760263983,38.0,74.53053999999999,0.2684027467105264,1,Hwang2021,
7.370641259750748,15.0,74.53053999999999,0.5047523684210526,1,Hwang2021,0.15177441501153163
4.07035412851907,69.0,74.53053999999999,0.3035262236842106,1,Hwang2021,
6.270545549340189,22.0,74.53053999999999,0.4056913421052632,1,Hwang2021,0.08269913656161251
4.07035412851907,45.0,74.53053999999999,0.2838557269736842,1,Hwang2021,
14.521263377419382,43.0,74.53053999999999,0.7844580592105266,1,Hwang2021,0.3082577725277173
16.171406943035223,39.0,74.53053999999999,0.8356080986842107,1,Hwang2021,0.3671193062791335
1.3201148524926711,30.0,74.53053999999999,0.13745729605263163,1,Hwang2021,
2.9702584181085103,38.0,74.53053999999999,0.22555277960526315,1,Hwang2021,
3.52030627331379,14.0,74.53053999999999,0.2879045427631579,1,Hwang2021,0.06429584593087712
2.8602488470674543,20.0,74.53053999999999,0.25102657894736846,1,Hwang2021,
3.7403254153959016,14.0,74.53053999999999,0.2769390000000001,1,Hwang2021,0.06984918428734113
2.6402297049853423,33.0,74.53053999999999,0.29455134868421057,1,Hwang2021,
2.8602488470674543,18.0,74.53053999999999,0.2512290197368421,1,Hwang2021,0.014311198890054807
3.190277560190622,44.0,74.53053999999999,0.33271143750000004,1,Hwang2021,
13.091138953885656,68.0,74.53053999999999,0.8632075263157896,1,Hwang2021,0.18173432068003914
4.730411554765404,27.0,74.53053999999999,0.3986059144736843,1,Hwang2021,0.006147992364639935
3.190277560190622,46.0,74.53053999999999,0.35444008223684215,1,Hwang2021,
6.490564691422301,27.0,74.53053999999999,0.5158191315789475,1,Hwang2021,0.06141196868066272
3.190277560190622,53.0,74.53053999999999,0.3361866710526316,1,Hwang2021,
3.190277560190622,33.0,74.53053999999999,0.35521610526315794,1,Hwang2021,
4.730411554765404,43.0,74.53053999999999,0.4306927796052633,1,Hwang2021,
3.190277560190622,30.0,74.53053999999999,0.2909748947368422,1,Hwang2021,
3.190277560190622,36.0,74.53053999999999,0.3140531447368422,1,Hwang2021,
10.010870964736089,42.0,74.53053999999999,0.7126590592105264,1,Hwang2021,0.1172280650606136
2.7502392760263983,41.0,74.53053999999999,0.2886130855263158,1,Hwang2021,
4.730411554765404,40.0,74.53053999999999,0.09853144736842107,1,Hwang2021,
11.330985817228761,29.0,74.53053999999999,0.181038,1,Hwang2021,0.20429173026094052
4.730411554765404,15.0,74.53053999999999,0.09635822368421054,1,Hwang2021,0.08600852249778071
6.380555120381244,10.0,74.53053999999999,0.12127845394736846,1,Hwang2021,0.1620564119424267
4.730411554765404,9.0,74.53053999999999,0.09116763157894739,1,Hwang2021,0.1356317327270551
6.380555120381244,10.0,74.53053999999999,0.10296769736842107,1,Hwang2021,0.16205641253003827
2.4202105629032307,53.0,74.53053999999999,0.06517875000000001,1,Hwang2021,
9.680842251612923,36.0,74.53053999999999,0.15270937500000006,1,Hwang2021,0.1275625627040161
6.380555120381244,8.0,74.53053999999999,0.11413016447368422,1,Hwang2021,0.17695356051408653
9.680842251612923,30.0,74.53053999999999,0.16545236842105268,1,Hwang2021,0.1489764267170946
6.380555120381244,33.0,74.53053999999999,0.12692703947368425,1,Hwang2021,0.025678469946970824
3.080267989149566,70.0,74.53053999999999,0.07547013157894737,1,Hwang2021,
6.380555120381244,90.0,74.53053999999999,0.12493342105263161,1,Hwang2021,0.04772556664300283
3.080267989149566,27.0,74.53053999999999,0.07375490131578949,1,Hwang2021,
7.260631688709691,55.0,74.53053999999999,0.11320519736842108,1,Hwang2021,
13.421167667008822,24.0,74.53053999999999,0.24731644736842107,1,Hwang2021,0.2710107648341896
3.080267989149566,47.0,74.53053999999999,0.05145690789473685,1,Hwang2021,
4.730411554765404,98.0,74.53053999999999,0.07547013157894737,1,Hwang2021,1.358639249939716
3.080267989149566,12.0,74.53053999999999,0.08747674342105263,1,Hwang2021,0.0708411286792914
9.680842251612923,46.0,74.53053999999999,0.18571184210526318,1,Hwang2021,0.08611119026630652
16.28141651407628,4.0,74.53053999999999,0.20290006578947373,1,Hwang2021,0.29478805481110765
14.63127294846044,11.0,74.53053999999999,0.17852763157894735,1,Hwang2021,0.28638810263803566
1.4301244235337272,7.0,74.53053999999999,0.034843421052631586,1,Hwang2021,0.0835497411266046
3.080267989149566,17.0,74.53053999999999,0.08947934210526318,1,Hwang2021,0.02822862920347321
4.730411554765404,10.0,74.53053999999999,0.11672546052631581,1,Hwang2021,0.1269392215889074
6.380555120381244,14.0,74.53053999999999,0.10686513157894736,1,Hwang2021,0.13456852130309352
12.981129382844601,29.0,74.53053999999999,0.1973053618421053,1,Hwang2021,0.2577151538580303
2.0901818497800626,8.0,74.53053999999999,0.05660259868421054,1,Hwang2021,0.08743121022819597
13.421167667008822,64.0,74.53053999999999,0.22554828947368427,1,Hwang2021,0.19648411405577593
6.380555120381244,57.0,74.53053999999999,0.10133328947368424,1,Hwang2021,
3.080267989149566,19.0,74.53053999999999,0.059090131578947366,1,Hwang2021,0.012559003827935162
6.380555120381244,82.0,74.53053999999999,0.10798766447368424,1,Hwang2021,
3.080267989149566,38.0,74.53053999999999,0.04802644736842106,1,Hwang2021,
6.380555120381244,47.0,74.53053999999999,0.0994833552631579,1,Hwang2021,
4.730411554765404,31.0,74.53053999999999,0.10636223684210527,1,Hwang2021,
8.030698685997082,59.0,74.53053999999999,0.15363434210526317,1,Hwang2021,
2.5302201339442862,15.0,74.53053999999999,0.07518276315789475,1,Hwang2021,0.030300179028213643
6.380555120381244,54.0,74.53053999999999,0.13506315789473688,1,Hwang2021,
2.5302201339442862,59.0,74.53053999999999,0.05402526315789475,1,Hwang2021,
8.030698685997082,15.0,74.53053999999999,0.13341976973684214,1,Hwang2021,0.16698441014506482
4.730411554765404,83.0,74.53053999999999,0.13290789473684214,1,Hwang2021,
8.030698685997082,15.0,74.53053999999999,0.17776430921052633,1,Hwang2021,0.1669844101368187
8.030698685997082,18.0,74.53053999999999,0.12813039473684212,1,Hwang2021,0.15179151792818635
6.380555120381244,52.0,74.53053999999999,0.10798766447368424,1,Hwang2021,
6.820593404545468,10.0,74.53053999999999,0.14448345394736847,1,Hwang2021,0.17099806834073789
14.08122509325516,21.0,74.53053999999999,0.23968322368421055,1,Hwang2021,0.28634696931770326
6.380555120381244,53.0,74.53053999999999,0.13843973684210528,1,Hwang2021,
4.730411554765404,26.0,74.53053999999999,0.10409023026315792,1,Hwang2021,0.012353834356285825
1.4301244235337272,88.0,74.53053999999999,0.03310125,1,Hwang2021,
8.030698685997082,64.0,74.53053999999999,0.11795575657894738,1,Hwang2021,
9.680842251612923,30.0,74.53053999999999,0.16121368421052631,1,Hwang2021,0.1489764267891368
11.551004959310873,15.0,74.53053999999999,0.12911822368421055,1,Hwang2021,0.2378479105144262
3.080267989149566,36.0,74.53053999999999,0.06753157894736844,1,Hwang2021,
9.680842251612923,25.0,74.53053999999999,0.15782812500000007,1,Hwang2021,0.1662603338842444
3.080267989149566,38.0,74.53053999999999,0.06977664473684213,1,Hwang2021,
8.030698685997082,79.0,74.53053999999999,0.14285802631578948,1,Hwang2021,
3.080267989149566,30.0,74.53053999999999,0.08272618421052634,1,Hwang2021,
8.030698685997082,94.0,74.53053999999999,0.14382789473684213,1,Hwang2021,1.2350862226976977
13.421167667008822,15.0,74.53053999999999,0.25591055921052636,1,Hwang2021,0.26990281610886135
4.730411554765404,19.0,74.53053999999999,0.09792078947368421,1,Hwang2021,0.05821778327048536
3.080267989149566,26.0,74.53053999999999,0.05007779605263159,1,Hwang2021,
8.030698685997082,47.0,74.53053999999999,0.1130585197368421,1,Hwang2021,0.012283859464950687
3.080267989149566,26.0,74.53053999999999,0.049193539473684204,1,Hwang2021,
8.030698685997082,13.0,74.53053999999999,0.1130585197368421,1,Hwang2021,0.17759091794387927
1.4301244235337272,0.0,74.53053999999999,0.037770388157894734,1,Hwang2021,0.1824523122350439
9.680842251612923,14.0,74.53053999999999,0.1376191973684211,1,Hwang2021,0.2063519204443073
1.4301244235337272,34.0,74.53053999999999,0.04071189473684211,1,Hwang2021,
9.680842251612923,20.0,74.53053999999999,0.13958621710526314,1,Hwang2021,0.1838587358011867
1.4301244235337272,29.0,74.53053999999999,0.03392657894736842,1,Hwang2021,
3.080267989149566,57.0,74.53053999999999,0.05514873684210527,1,Hwang2021,
1.4301244235337272,48.0,74.53053999999999,0.027574368421052636,1,Hwang2021,
3.080267989149566,69.0,74.53053999999999,0.04825514473684211,1,Hwang2021,
3.080267989149566,45.0,74.53053999999999,0.050907914473684215,1,Hwang2021,
12.981129382844601,48.0,74.53053999999999,0.16958777960526317,1,Hwang2021,0.23023189137133096
4.730411554765404,79.0,74.53053999999999,0.06897201315789475,1,Hwang2021,
6.380555120381244,85.0,74.53053999999999,0.09160176315789476,1,Hwang2021,
6.380555120381244,57.0,74.53053999999999,0.0982336875,1,Hwang2021,
12.981129382844601,13.0,74.53053999999999,0.1598158421052632,1,Hwang2021,0.2637104137474886
16.28141651407628,64.0,74.53053999999999,0.2175632105263158,1,Hwang2021,0.29133594597145523
3.080267989149566,84.0,74.53053999999999,0.061067842105263156,1,Hwang2021,
4.730411554765404,32.0,74.53053999999999,0.08142378947368421,1,Hwang2021,
1.4301244235337272,72.0,74.53053999999999,0.03851027631578947,1,Hwang2021,
6.380555120381244,11.0,74.53053999999999,0.09529218092105264,1,Hwang2021,0.15491950225953036
4.730411554765404,22.0,74.53053999999999,0.10175266776315789,1,Hwang2021,0.037979900108185596
9.680842251612923,80.0,74.53053999999999,0.17078784210526318,1,Hwang2021,0.07793399107785502
3.080267989149566,56.0,74.53053999999999,0.07882515789473686,1,Hwang2021,
5.2804594099706845,13.0,74.53053999999999,0.047229,0,Hwang2021,0.11549834289912242
6.820593404545468,42.0,74.53053999999999,0.06368802631578947,0,Hwang2021,
8.580746541202362,24.0,74.53053999999999,0.06955752631578949,0,Hwang2021,0.1389515898026048
10.780937962023483,28.0,74.53053999999999,0.08233105263157896,0,Hwang2021,0.18946843226580315
12.431081527639321,18.0,74.53053999999999,0.07807440789473684,0,Hwang2021,0.24973181018677287
14.08122509325516,9.0,74.53053999999999,0.0996809210526316,0,Hwang2021,0.27839282159240863
16.28141651407628,17.0,74.53053999999999,0.10866477631578947,0,Hwang2021,0.3296277749612014
17.381512224486837,22.0,74.53053999999999,0.10869710526315793,0,Hwang2021,0.37120377779380614
18.481607934897397,25.0,74.53053999999999,0.10062205263157896,0,Hwang2021,0.40589837252313365
19.581703645307957,13.0,74.53053999999999,0.11664284210526318,0,Hwang2021,0.3746489662444569
20.681799355718518,26.0,74.53053999999999,0.12701684210526318,0,Hwang2021,0.45720074809904526
5.2804594099706845,13.0,74.53053999999999,0.04199171052631579,0,Hwang2021,0.1154983429658668
7.480650830791803,91.0,74.53053999999999,0.06298038157894739,0,Hwang2021,0.16118155003325493
9.680842251612923,23.0,74.53053999999999,0.07272576315789474,0,Hwang2021,0.17322476544835624
12.981129382844601,29.0,74.53053999999999,0.07894010526315792,0,Hwang2021,0.25771515383042976
15.62135908782994,44.0,74.53053999999999,0.10198705263157896,0,Hwang2021,0.34240530074862807
16.28141651407628,39.0,74.53053999999999,0.10872584210526318,0,Hwang2021,0.37025111308412956
17.381512224486837,61.0,74.53053999999999,0.11048597368421052,0,Hwang2021,0.32661305533962
18.481607934897397,20.0,74.53053999999999,0.1061790394736842,0,Hwang2021,0.38646112312219416
19.581703645307957,14.0,74.53053999999999,0.10613234210526319,0,Hwang2021,0.37954558220462103
20.681799355718518,36.0,74.53053999999999,0.10701600000000001,0,Hwang2021,0.48346767060237483
5.2804594099706845,9.0,74.53053999999999,0.04629505263157895,0,Hwang2021,0.14715428192747876
7.480650830791803,23.0,74.53053999999999,0.05883868421052632,0,Hwang2021,0.11215505005491186
9.680842251612923,42.0,74.53053999999999,0.07713327631578948,0,Hwang2021,0.10381531141989836
11.220976246187703,39.0,74.53053999999999,0.08633265789473685,0,Hwang2021,0.1771932502160954
11.881033672434041,17.0,74.53053999999999,0.08506105263157897,0,Hwang2021,0.24016923412447783
12.981129382844601,8.0,74.53053999999999,0.0762783552631579,0,Hwang2021,0.2680188530933797
15.62135908782994,8.0,74.53053999999999,0.09598105263157897,0,Hwang2021,0.29501211896285473
16.28141651407628,10.0,74.53053999999999,0.10253664473684211,0,Hwang2021,0.30964275901951094
17.381512224486837,18.0,74.53053999999999,0.10625447368421054,0,Hwang2021,0.35663972401747024
18.481607934897397,17.0,74.53053999999999,0.10977832894736846,0,Hwang2021,0.37476246995857415
19.581703645307957,25.0,74.53053999999999,0.10745782894736844,0,Hwang2021,0.4299008466240012
20.681799355718518,13.0,74.53053999999999,0.12833873684210528,0,Hwang2021,0.3907474582019743
5.2804594099706845,14.0,74.53053999999999,0.04079194736842106,0,Hwang2021,0.10809424905614043
7.480650830791803,18.0,74.53053999999999,0.05715039473684212,0,Hwang2021,0.13795095703318994
9.680842251612923,14.0,74.53053999999999,0.06472973684210527,0,Hwang2021,0.20635191987319373
11.220976246187703,49.0,74.53053999999999,0.06997780263157895,0,Hwang2021,0.1425009386380755
11.881033672434041,19.0,74.53053999999999,0.0701538157894737,0,Hwang2021,0.23686551754568305
12.981129382844601,10.0,74.53053999999999,0.07279042105263159,0,Hwang2021,0.2660826714907988
15.62135908782994,12.0,74.53053999999999,0.09024086842105265,0,Hwang2021,0.302940745918366
16.28141651407628,18.0,74.53053999999999,0.09364618421052633,0,Hwang2021,0.33267646123486555
17.381512224486837,99.0,74.53053999999999,0.11187971052631582,0,Hwang2021,0.38988648425280825
9.460823109530809,17.0,74.53053999999999,0.2607509210526316,0,Hwang2021,0.1899823060130535
11.330985817228761,20.0,74.53053999999999,0.2728922368421053,0,Hwang2021,0.2227572167543844
16.28141651407628,24.0,74.53053999999999,0.35373256578947376,0,Hwang2021,0.3508323634748778
4.180363699560125,14.0,74.53053999999999,0.06800496710526317,0,Hwang2021,0.08089243677220036
6.380555120381244,8.0,74.53053999999999,0.08472750000000001,0,Hwang2021,0.1769535607395097
8.580746541202362,22.0,74.53053999999999,0.09376613486842107,0,Hwang2021,0.14756122268192282
10.780937962023483,17.0,74.53053999999999,0.10142886513157896,0,Hwang2021,0.21820343911329432
12.981129382844601,30.0,74.53053999999999,0.12575062500000006,0,Hwang2021,0.25743073636634217
15.18132080366572,22.0,74.53053999999999,0.13637684210526319,0,Hwang2021,0.31683789015554203
19.581703645307957,22.0,74.53053999999999,0.212432615131579,0,Hwang2021,0.41730278132499976
4.180363699560125,19.0,74.53053999999999,0.07575236842105265,0,Hwang2021,0.04300729859118263
6.380555120381244,8.0,74.53053999999999,0.09308876644736842,0,Hwang2021,0.17695356078212002
8.580746541202362,22.0,74.53053999999999,0.10197922697368422,0,Hwang2021,0.14756122271582167
10.780937962023483,17.0,74.53053999999999,0.12333750000000003,0,Hwang2021,0.21820343912753454
12.981129382844601,30.0,74.53053999999999,0.13701187500000003,0,Hwang2021,0.2574307365629387
15.18132080366572,22.0,74.53053999999999,0.15235850328947373,0,Hwang2021,0.31683789031052584
17.381512224486837,18.0,74.53053999999999,0.18125249999999998,0,Hwang2021,0.35663972409526074
19.581703645307957,22.0,74.53053999999999,0.19264075657894741,0,Hwang2021,0.4173027812691425
21.781895066129074,35.0,74.53053999999999,0.2328806743421053,0,Hwang2021,0.5137724182361667
4.180363699560125,19.0,74.53053999999999,0.07446113486842107,0,Hwang2021,0.043007298638536993
6.380555120381244,8.0,74.53053999999999,0.08639975328947369,0,Hwang2021,0.17695356074697757
8.580746541202362,22.0,74.53053999999999,0.10403250000000003,0,Hwang2021,0.1475612226758401
10.780937962023483,17.0,74.53053999999999,0.12090320723684213,0,Hwang2021,0.21820343918665663
12.981129382844601,26.0,74.53053999999999,0.13701187500000003,0,Hwang2021,0.2584434010313433
17.381512224486837,81.0,74.53053999999999,0.19556190789473685,0,Hwang2021,0.3312953669139828
19.581703645307957,32.0,74.53053999999999,0.20451587171052638,0,Hwang2021,0.4513438857125415
21.781895066129074,77.0,74.53053999999999,0.24589884868421058,0,Hwang2021,0.4223357280024737
4.180363699560125,43.0,74.53053999999999,0.0783348355263158,0,Hwang2021,
6.380555120381244,8.0,74.53053999999999,0.08472750000000001,0,Hwang2021,0.1769535607395097
8.580746541202362,22.0,74.53053999999999,0.11019231907894739,0,Hwang2021,0.14756122265626231
10.780937962023483,17.0,74.53053999999999,0.12577179276315792,0,Hwang2021,0.21820343913674328
12.981129382844601,30.0,74.53053999999999,0.14264250000000006,0,Hwang2021,0.2574307364653684
15.18132080366572,22.0,74.53053999999999,0.16514383223684215,0,Hwang2021,0.31683789027214104
17.381512224486837,18.0,74.53053999999999,0.19556190789473685,0,Hwang2021,0.3566397241203042
19.581703645307957,81.0,74.53053999999999,0.2084742434210527,0,Hwang2021,0.3786660205835945
21.781895066129074,35.0,74.53053999999999,0.21552310855263163,0,Hwang2021,0.5137724177802132
4.180363699560125,14.0,74.53053999999999,0.06671373355263159,0,Hwang2021,0.08089243676835223
6.380555120381244,8.0,74.53053999999999,0.08807200657894738,0,Hwang2021,0.17695356075539553
8.580746541202362,25.0,74.53053999999999,0.10813904605263161,0,Hwang2021,0.13468882312397176
10.780937962023483,8.0,74.53053999999999,0.1306403782894737,0,Hwang2021,0.24571691809862795
12.981129382844601,8.0,74.53053999999999,0.15390375000000006,0,Hwang2021,0.268018852916838
15.18132080366572,65.0,74.53053999999999,0.16834016447368425,0,Hwang2021,0.257784758465874
17.381512224486837,84.0,74.53053999999999,0.2170260197368421,0,Hwang2021,0.3361438724633499
19.581703645307957,84.0,74.53053999999999,0.22034935855263163,0,Hwang2021,0.3804998881421867
21.781895066129074,97.0,74.53053999999999,0.2242018914473685,0,Hwang2021,0.41761989197463334
10.230890106818203,32.0,74.53053999999999,0.8316578947368426,0,Hwang2021,0.16050923796595895
12.431081527639321,47.0,74.53053999999999,0.22920625000000006,0,Hwang2021,0.2077427108057615
14.08122509325516,39.0,74.53053999999999,0.28942062500000004,0,Hwang2021,0.2972573016336281
15.731368658870998,33.0,74.53053999999999,0.2299050000000001,0,Hwang2021,0.35381904776620804
14.08122509325516,44.0,74.53053999999999,0.26516750000000006,0,Hwang2021,0.28942518516928495
15.731368658870998,34.0,74.53053999999999,0.27343875000000006,0,Hwang2021,0.35465920052511807
16.171406943035223,30.0,74.53053999999999,0.3216931250000001,0,Hwang2021,0.3625132589082278
19.031655790102675,39.0,74.53053999999999,0.3429562500000001,0,Hwang2021,0.44070302270528766
12.431081527639321,37.0,74.53053999999999,0.19217250000000002,0,Hwang2021,0.23106301408102253
14.08122509325516,43.0,74.53053999999999,0.23585250000000002,0,Hwang2021,0.2915582882548447
15.731368658870998,41.0,74.53053999999999,0.21953750000000002,0,Hwang2021,0.3516814036731248
17.381512224486837,31.0,74.53053999999999,0.24167000000000008,0,Hwang2021,0.39683922422233303
20.681799355718518,15.0,74.53053999999999,0.31525812500000006,0,Hwang2021,0.4018305158994892
9.130794396407643,35.0,74.53053999999999,0.18488437500000005,0,Hwang2021,0.11166786953170164
15.731368658870998,33.0,74.53053999999999,0.2297100000000001,0,Hwang2021,0.3538190476856553
17.381512224486837,47.0,74.53053999999999,0.23962250000000002,0,Hwang2021,0.3804290859996017
19.031655790102675,25.0,74.53053999999999,0.25741625,0,Hwang2021,0.418075869393154
20.681799355718518,14.0,74.53053999999999,0.19688500000000006,0,Hwang2021,0.39630591810653376
17.381512224486837,32.0,74.53053999999999,0.35943375000000005,0,Hwang2021,0.39847571457412573
19.031655790102675,44.0,74.53053999999999,0.3772275000000001,0,Hwang2021,0.4301226012734176
20.681799355718518,42.0,74.53053999999999,0.40434875000000015,0,Hwang2021,0.478153148050474
12.431081527639321,42.0,74.53053999999999,0.18923125000000005,0,Hwang2021,0.2218638293710243
17.381512224486837,39.0,74.53053999999999,0.257863125,0,Hwang2021,0.3990836719861537
15.731368658870998,46.0,74.53053999999999,0.2982525000000001,0,Hwang2021,0.33951371943185504
20.681799355718518,45.0,74.53053999999999,0.48212937499999997,0,Hwang2021,0.46980183721842067
10.780937962023483,23.0,74.53053999999999,0.19772187500000005,0,Hwang2021,0.20221684806709905
15.731368658870998,36.0,74.53053999999999,0.26162500000000005,0,Hwang2021,0.355424307601155
20.681799355718518,45.0,74.53053999999999,0.39216937500000004,0,Hwang2021,0.4698018371833059
19.031655790102675,23.0,74.53053999999999,0.4094431250000001,0,Hwang2021,0.41025102893593585
1.4301244235337272,35.0,74.53053999999999,0.02227789473684211,0,Hwang2021,
3.190277560190622,34.0,74.53053999999999,0.03704589473684211,0,Hwang2021,
8.030698685997082,37.0,74.53053999999999,0.06697600000000001,0,Hwang2021,0.0634531570342008
9.790851822653979,71.0,74.53053999999999,0.08318357894736843,0,Hwang2021,0.030753117328386634
11.330985817228761,80.0,74.53053999999999,0.09922694736842107,0,Hwang2021,0.15719113152967892
17.93156007969212,43.0,74.53053999999999,0.1340505263157895,0,Hwang2021,0.4059357495040667
1.4301244235337272,86.0,74.53053999999999,0.021610105263157903,0,Hwang2021,
3.190277560190622,86.0,74.53053999999999,0.03486736842105263,0,Hwang2021,
6.490564691422301,36.0,74.53053999999999,0.05475873684210528,0,Hwang2021,0.013501358688000047
8.030698685997082,36.0,74.53053999999999,0.06885894736842106,0,Hwang2021,0.06816527195655593
13.091138953885656,39.0,74.53053999999999,0.10233600000000004,0,Hwang2021,0.25572970959452096
14.63127294846044,39.0,74.53053999999999,0.10566400000000001,0,Hwang2021,0.31785397579840396
16.391426085117335,39.0,74.53053999999999,0.10805052631578949,0,Hwang2021,0.3733437343974362
17.93156007969212,81.0,74.53053999999999,0.12812800000000002,0,Hwang2021,0.34359338682568596
19.69171321634901,81.0,74.53053999999999,0.13783284210526314,0,Hwang2021,0.3808956403969393
1.4301244235337272,69.0,74.53053999999999,0.021555368421052636,0,Hwang2021,
3.190277560190622,30.0,74.53053999999999,0.035272421052631585,0,Hwang2021,
6.490564691422301,25.0,74.53053999999999,0.0669103157894737,0,Hwang2021,0.07149615167500908
10.890947533064537,36.0,74.53053999999999,0.09633684210526318,0,Hwang2021,0.1724543106130004
13.091138953885656,36.0,74.53053999999999,0.11173978947368424,0,Hwang2021,0.25869323120722043
14.63127294846044,35.0,74.53053999999999,0.10468968421052632,0,Hwang2021,0.31887608575104054
16.391426085117335,33.0,74.53053999999999,0.11427957894736847,0,Hwang2021,0.37318285577534827
17.93156007969212,33.0,74.53053999999999,0.1541389473684211,0,Hwang2021,0.41285011061365046
21.231847210923796,40.0,74.53053999999999,0.13171873684210528,0,Hwang2021,0.49783194931507446
1.4301244235337272,54.0,74.53053999999999,0.023000421052631583,0,Hwang2021,
3.190277560190622,54.0,74.53053999999999,0.03586357894736843,0,Hwang2021,
6.490564691422301,35.0,74.53053999999999,0.05324800000000002,0,Hwang2021,0.018827236127234453
8.690756112243418,31.0,74.53053999999999,0.08034273684210527,0,Hwang2021,0.1129655916177192
9.790851822653979,80.0,74.53053999999999,0.08766652631578949,0,Hwang2021,0.08373652741818424
11.991043243475097,85.0,74.53053999999999,0.10142736842105265,0,Hwang2021,0.22202451663124878
13.091138953885656,70.0,74.53053999999999,0.11173978947368424,0,Hwang2021,0.18429062906190288
17.93156007969212,34.0,74.53053999999999,0.11662231578947373,0,Hwang2021,0.4138938788695658
19.69171321634901,34.0,74.53053999999999,0.1398526315789474,0,Hwang2021,0.4570614181865753
21.231847210923796,55.0,74.53053999999999,0.15641600000000003,0,Hwang2021,0.4464848064143796
4.07035412851907,5.0,74.53053999999999,0.032240000000000005,0,Hwang2021,0.16162573613449918
9.570832680571865,14.0,74.53053999999999,0.06900314473684212,0,Hwang2021,0.20420668605972728
10.670928390982425,13.0,74.53053999999999,0.07085376315789474,0,Hwang2021,0.22787856236135157
9.570832680571865,14.0,74.53053999999999,0.07409897368421053,0,Hwang2021,0.20420668590400765
1.8701627076979508,8.0,74.53053999999999,0.02094539473684211,0,Hwang2021,0.08232597641202932
9.570832680571865,13.0,74.53053999999999,0.06892360526315791,0,Hwang2021,0.2082832223173965
10.670928390982425,7.0,74.53053999999999,0.07943342105263158,0,Hwang2021,0.24799648169983818
10.670928390982425,10.0,74.53053999999999,0.06889178947368423,0,Hwang2021,0.23754225668219245
4.07035412851907,15.0,74.53053999999999,0.04106357894736842,0,Hwang2021,0.07015884303992466
5.170449838929629,17.0,74.53053999999999,0.043524000000000014,0,Hwang2021,0.08474905701614274
8.470736970161306,9.0,74.53053999999999,0.05837136842105265,0,Hwang2021,0.20791789776196942
9.570832680571865,10.0,74.53053999999999,0.06821305263157897,0,Hwang2021,0.22106189174752958
10.670928390982425,16.0,74.53053999999999,0.08206352631578949,0,Hwang2021,0.21883860913282466
10.670928390982425,15.0,74.53053999999999,0.08242410526315791,0,Hwang2021,0.22179232632068888
5.170449838929629,15.0,74.53053999999999,0.04438302631578949,0,Hwang2021,0.09809822621827256
9.570832680571865,12.0,74.53053999999999,0.070525,0,Hwang2021,0.21244617238250305
10.670928390982425,10.0,74.53053999999999,0.07961901315789477,0,Hwang2021,0.23754225674188467
10.670928390982425,13.0,74.53053999999999,0.08209003947368423,0,Hwang2021,0.2278785624866844
8.470736970161306,11.0,74.53053999999999,0.06320206578947371,0,Hwang2021,0.1970666948520016
9.570832680571865,13.0,74.53053999999999,0.06460196052631582,0,Hwang2021,0.20828322212638084
5.170449838929629,14.0,74.53053999999999,0.042664973684210544,0,Hwang2021,0.1054029984538725
9.570832680571865,6.0,74.53053999999999,0.06750250000000002,0,Hwang2021,0.23967700150015261
10.670928390982425,11.0,74.53053999999999,0.08295967105263159,0,Hwang2021,0.23424169326046798
5.170449838929629,14.0,74.53053999999999,0.043566421052631595,0,Hwang2021,0.10540299837156866
9.570832680571865,12.0,74.53053999999999,0.06828728947368422,0,Hwang2021,0.21244617238337446
10.670928390982425,13.0,74.53053999999999,0.07224305263157897,0,Hwang2021,0.2278785622681698
5.170449838929629,18.0,74.53053999999999,0.043524000000000014,0,Hwang2021,0.07651582038200706
6.270545549340189,9.0,74.53053999999999,0.048529684210526336,0,Hwang2021,0.16722304280270048
7.370641259750748,8.0,74.53053999999999,0.05964400000000001,0,Hwang2021,0.19501575815927902
9.570832680571865,7.0,74.53053999999999,0.06750250000000002,0,Hwang2021,0.23482968448969593
10.670928390982425,11.0,74.53053999999999,0.07961901315789477,0,Hwang2021,0.23424169323526436
10.670928390982425,16.0,74.53053999999999,0.07816078947368424,0,Hwang2021,0.2188386093034044
4.07035412851907,8.0,74.53053999999999,0.0339739605263158,0,Hwang2021,0.1309668390987658
5.170449838929629,17.0,74.53053999999999,0.04356111842105264,0,Hwang2021,0.0847490569716733
8.470736970161306,10.0,74.53053999999999,0.055656421052631584,0,Hwang2021,0.20242337070839433
9.570832680571865,15.0,74.53053999999999,0.06608139473684213,0,Hwang2021,0.20020920207578097
10.670928390982425,7.0,74.53053999999999,0.07974097368421054,0,Hwang2021,0.24799648193767704
9.570832680571865,9.0,74.53053999999999,0.06750250000000002,0,Hwang2021,0.22553045179821854
10.670928390982425,12.0,74.53053999999999,0.07794868421052632,0,Hwang2021,0.23102252836332263
9.570832680571865,15.0,74.53053999999999,0.07426865789473686,0,Hwang2021,0.20020920219484198
10.670928390982425,17.0,74.53053999999999,0.07627835526315792,0,Hwang2021,0.21593722162841933
10.670928390982425,11.0,74.53053999999999,0.07531857894736844,0,Hwang2021,0.23424169336198353
9.570832680571865,14.0,74.53053999999999,0.06750250000000002,0,Hwang2021,0.2042066858320134
10.670928390982425,14.0,74.53053999999999,0.0772063157894737,0,Hwang2021,0.22480377135463475
9.570832680571865,9.0,74.53053999999999,0.07126736842105263,0,Hwang2021,0.22553045190128632
10.670928390982425,18.0,74.53053999999999,0.07794868421052632,0,Hwang2021,0.21308299005784415
8.470736970161306,13.0,74.53053999999999,0.06458605263157896,0,Hwang2021,0.18672647716149002
9.570832680571865,14.0,74.53053999999999,0.07046667105263159,0,Hwang2021,0.20420668593284216
10.670928390982425,14.0,74.53053999999999,0.086242,0,Hwang2021,0.2248037713449516
10.670928390982425,21.0,74.53053999999999,0.0784577368421053,0,Hwang2021,0.20475467565339328
6.270545549340189,9.0,74.53053999999999,0.06241727631578948,0,Hwang2021,0.16722304289018758
9.570832680571865,16.0,74.53053999999999,0.08691013157894739,0,Hwang2021,0.1962836545250659
11.220976246187703,13.0,74.53053999999999,0.09677302631578948,0,Hwang2021,0.23696017228494162
4.07035412851907,12.0,74.53053999999999,0.047554000000000006,0,Hwang2021,0.0947270384859755
5.170449838929629,14.0,74.53053999999999,0.06346189473684212,0,Hwang2021,0.10540299841869581
8.470736970161306,13.0,74.53053999999999,0.07275210526315791,0,Hwang2021,0.18672647717227467
9.570832680571865,10.0,74.53053999999999,0.0818938421052632,0,Hwang2021,0.2210618917248117
11.220976246187703,23.0,74.53053999999999,0.09522465789473686,0,Hwang2021,0.21362368373789595
6.270545549340189,17.0,74.53053999999999,0.0487736052631579,0,Hwang2021,0.11268820171996287
7.370641259750748,20.0,74.53053999999999,0.057676723684210535,0,Hwang2021,0.12448946044780014
9.570832680571865,13.0,74.53053999999999,0.07791686842105267,0,Hwang2021,0.2082832221276434
10.670928390982425,40.0,74.53053999999999,0.08957205263157897,0,Hwang2021,0.15160923629793377
8.470736970161306,18.0,74.53053999999999,0.06904026315789476,0,Hwang2021,0.16261695561975087
9.570832680571865,17.0,74.53053999999999,0.08629502631578949,0,Hwang2021,0.19242318464108452
10.670928390982425,12.0,74.53053999999999,0.08209003947368423,0,Hwang2021,0.23102252856156907
9.570832680571865,18.0,74.53053999999999,0.08219078947368423,0,Hwang2021,0.1886211965789476
10.670928390982425,13.0,74.53053999999999,0.08866000000000003,0,Hwang2021,0.22787856246110577
8.470736970161306,13.0,74.53053999999999,0.06310131578947369,0,Hwang2021,0.1867264773225331
10.670928390982425,28.0,74.53053999999999,0.08283771052631579,0,Hwang2021,0.18611015854975768
7.370641259750748,5.0,74.53053999999999,0.05765551315789475,0,Hwang2021,0.2162520095948122
10.670928390982425,20.0,74.53053999999999,0.08171355263157896,0,Hwang2021,0.20749637934365303
0.7700669972873915,15.0,74.53053999999999,0.008537236842105264,0,Hwang2021,
8.470736970161306,16.0,74.53053999999999,0.06557764473684212,0,Hwang2021,0.17200626709035705
9.570832680571865,29.0,74.53053999999999,0.07495800000000004,0,Hwang2021,0.14899193187374352
10.670928390982425,17.0,74.53053999999999,0.07224305263157897,0,Hwang2021,0.21593722172628116
9.570832680571865,14.0,74.53053999999999,0.07664423684210528,0,Hwang2021,0.20420668597278416
10.670928390982425,15.0,74.53053999999999,0.08091815789473684,0,Hwang2021,0.2217923263072975
10.670928390982425,12.0,74.53053999999999,0.08063711842105264,0,Hwang2021,0.23102252829897088
8.470736970161306,9.0,74.53053999999999,0.06252863157894738,0,Hwang2021,0.2079178978810163
9.570832680571865,31.0,74.53053999999999,0.07742902631578949,0,Hwang2021,0.1418823499544365
9.570832680571865,16.0,74.53053999999999,0.0731869210526316,0,Hwang2021,0.19628365467952166
10.670928390982425,12.0,74.53053999999999,0.08928040789473686,0,Hwang2021,0.23102252846550625
8.030698685997082,99.0,74.53053999999999,0.05350269736842106,0,Hwang2021,1.2745341137068946
9.680842251612923,91.0,74.53053999999999,0.057359934210526334,0,Hwang2021,0.2486208722586825
5.830507265175964,10.0,74.53053999999999,0.17875000000000002,0,Hwang2021,0.15061130310437373
3.7254626814854555,4.0,75.511205,0.07725714285714287,0,Hwang2021,0.1640383040231296
3.341898786370132,12.0,63.743224999999995,0.18447,0,Hwang2021,0.09483569476661988
5.6977664540365796,3.0,75.511205,0.06597605519480519,0,Hwang2021,0.2070637152560269
6.9076910972544,5.0,67.665885,0.11906492753623188,0,Hwang2021,0.21782975710845864
5.478621590419788,19.0,75.511205,0.06916801948051948,0,Hwang2021,0.0785600834468172
11.881033672434041,0.0,74.53053999999999,0.24426315789473688,0,Hwang2021,0.2787926187434199
10.62287457900033,25.0,65.704555,0.3261564179104478,0,Hwang2021,0.1909700268563324
6.567968584274675,3.0,67.665885,0.1143246376811594,0,Hwang2021,0.23210424990952536
9.059267012792656,15.0,67.665885,0.1938695652173913,0,Hwang2021,0.19104457424040913
6.567968584274675,3.0,67.665885,0.11756521739130435,0,Hwang2021,0.2321042498180002
4.869356019376053,1.0,67.665885,0.12642028985507245,0,Hwang2021,0.23798441483464572
8.493062824493116,9.0,67.665885,0.3942956521739131,0,Hwang2021,0.21171932676820573
6.001764395975134,14.0,67.665885,0.24584601449275362,0,Hwang2021,0.13209588359507954
11.890287954290361,0.0,67.665885,0.441745652173913,0,Hwang2021,0.27695195648442755
6.794450259594492,0.0,67.665885,0.0925355072463768,0,Hwang2021,0.2648376484298313
3.963429318096787,0.0,67.665885,0.1627826086956522,0,Hwang2021,0.24433460136252894
6.794450259594492,6.0,67.665885,0.24493695652173914,0,Hwang2021,0.20783972428241973
3.963429318096787,3.0,67.665885,0.1950565217391304,0,Hwang2021,0.20074976670453937
3.963429318096787,0.0,67.665885,0.1310173913043478,0,Hwang2021,0.24433460139585775
2.8310209414977052,10.0,67.665885,0.09834782608695652,0,Hwang2021,0.09760707013846158
9.625471201092196,10.0,67.665885,0.24191304347826084,0,Hwang2021,0.2230103570153896
4.529633506396328,0.0,67.665885,0.12618478260869564,0,Hwang2021,0.24909704017502338
3.963429318096787,6.0,67.665885,0.13847826086956522,0,Hwang2021,0.16363065361957904
9.059267012792656,50.0,67.665885,0.27424818840579707,0,Hwang2021,0.046363199919930126
3.963429318096787,3.0,67.665885,0.14325434782608695,0,Hwang2021,0.20074976663124652
5.095837694695869,0.0,67.665885,0.11171521739130437,0,Hwang2021,0.2534825293613638
3.963429318096787,0.0,67.665885,0.17126086956521738,0,Hwang2021,0.24433460145270564
5.888523558315226,18.0,67.665885,0.23019420289855066,0,Hwang2021,0.10246182478607253
9.625471201092196,20.0,67.665885,0.33498550724637677,0,Hwang2021,0.1829971247420907
10.757879577691279,20.0,67.665885,0.2782,0,Hwang2021,0.20824922609243338
